indx,Company,TypeName,Inches,touchscreen,retinadisplay,resolution_width,cpu_speed,Ram,ssd,Price
1,Toshiba,Ultrabook,13.3,0,0,1920,2.5,8,256,72621
2,Apple,Ultrabook,13.3,0,1,2560,2.3,8,128,71379
3,HP,Notebook,17.3,0,0,1920,1.6,8,128,52055
4,Dell,Notebook,15.6,0,0,1920,2.5,4,0,35005
5,HP,Notebook,15.6,0,0,1920,2.5,4,256,21232
6,Dell,2 in 1 Convertible,13.3,1,0,1920,1.8,8,256,46301
7,HP,Notebook,13.3,0,0,1920,1.8,8,512,58768
8,HP,Notebook,15.6,0,0,1920,1.6,8,0,42304
9,Acer,Notebook,15.6,0,0,1366,2.4,4,0,20460
10,Dell,Gaming,15.6,0,0,1920,2.8,16,256,79867
11,Dell,Notebook,15.6,0,0,1920,2.5,8,0,30103
12,Dell,Notebook,15.6,0,0,1920,1.8,8,256,40908
13,Toshiba,Notebook,15.6,0,0,1366,2.3,4,0,32075
14,HP,Notebook,15.6,0,0,1920,2,4,128,23390
15,HP,Notebook,15.6,0,0,1920,3,4,256,26053
16,Asus,Notebook,15.6,0,0,1366,2.5,4,256,31232
17,Dell,Gaming,17.3,0,0,1920,2.8,16,256,130874
18,MSI,Gaming,17.3,0,0,1920,2.8,16,256,130483
19,Dell,2 in 1 Convertible,15.6,1,0,1920,1.6,8,256,42571
20,Asus,Notebook,15.6,0,0,1920,2,4,256,22111
21,Lenovo,Netbook,11.6,0,0,1366,1.1,4,128,29464
22,Dell,Notebook,17.3,0,0,1920,1.8,16,256,69211
23,HP,Notebook,15.6,0,0,1366,2.5,4,256,19660
24,Dell,Ultrabook,14,0,0,1920,1.6,8,256,46833
25,Dell,Ultrabook,15.6,0,0,1920,1.6,8,256,58403
26,Apple,Ultrabook,12,0,1,2304,1.3,8,512,80453
27,HP,Notebook,14,0,0,1920,1.6,8,256,45821
28,Lenovo,Gaming,15.6,0,0,1920,2.5,8,256,41505
29,Lenovo,Notebook,15.6,0,0,1920,2.5,4,128,21259
30,Asus,Notebook,15.6,0,0,1366,2.5,8,0,27865
31,Acer,Ultrabook,13.3,0,0,1920,1.2,8,256,52694
32,Acer,Notebook,15.6,0,0,1366,3,4,0,21046
33,Dell,Gaming,15.6,0,0,1920,2.8,16,128,71875
34,HP,Ultrabook,15.6,0,0,1920,1.8,8,256,37243
35,HP,Notebook,15.6,0,0,1920,2.5,8,256,31914
36,Acer,Notebook,15.6,0,0,1920,1.6,4,256,36337
37,Asus,Gaming,15.6,0,0,1920,2.8,16,128,77203
38,Dell,Ultrabook,13.3,0,0,1920,1.8,8,256,87859
39,Dell,Notebook,17.3,0,0,1920,1.8,8,128,57809
40,Dell,2 in 1 Convertible,17.3,1,0,1920,1.6,12,0,53227
41,Apple,Ultrabook,13.3,0,1,2560,2,8,256,75604
42,Vero,Notebook,14,0,0,1920,1.1,4,0,13853
43,Asus,Gaming,17.3,0,0,1920,3,8,256,69211
44,Xiaomi,Ultrabook,13.3,0,0,1920,2.5,8,256,53275
45,Acer,Notebook,15.6,0,0,1920,2.7,8,256,44329
46,Asus,2 in 1 Convertible,13.3,1,0,1920,1.8,8,512,79867
47,Dell,Notebook,15.6,0,0,1366,1.6,4,0,16464
48,Asus,Ultrabook,14,0,0,1920,1.8,8,256,58555
49,Asus,Notebook,14,0,0,1366,1.1,4,0,15238
50,Acer,Notebook,15.6,0,0,1920,2.8,8,0,45075
51,HP,Ultrabook,12.5,1,0,3840,1.2,8,512,107306
52,HP,Notebook,17.3,0,0,1920,1.8,8,0,54239
53,Asus,Notebook,15.6,0,0,1920,1.1,4,0,18328
54,Acer,Notebook,15.6,0,0,1366,2,4,0,23816
55,HP,Gaming,17.3,0,0,1920,2.8,8,128,63456
56,Lenovo,Notebook,15.6,0,0,1920,2,4,128,21498
57,Lenovo,Notebook,15.6,0,0,1920,1.8,8,256,46886
58,Asus,Gaming,15.6,0,0,1920,3,8,0,37243
59,Asus,Gaming,15.6,0,0,1920,2.8,8,128,88178
60,Apple,Ultrabook,13.3,0,1,2560,2.9,8,512,104370
61,Acer,Notebook,15.6,0,0,1920,1.8,2,0,36710
62,Lenovo,Notebook,14,0,0,1920,2.5,8,256,58555
63,HP,Notebook,13.3,0,0,1920,1.8,16,512,63776
64,Dell,Gaming,15.6,0,0,1920,2.8,16,512,66561
65,Asus,Gaming,17.3,0,0,1920,3,16,256,82531
66,Dell,Gaming,15.6,0,0,1920,2.5,8,256,63670
67,Lenovo,Notebook,14,0,0,1920,2.7,8,256,31915
68,Asus,Ultrabook,14,0,0,1920,2.7,8,256,55891
69,Dell,Gaming,15.6,0,0,1920,2.8,8,0,47899
70,HP,Notebook,15.6,0,0,1920,2,4,0,18381
71,Apple,Ultrabook,13.3,0,0,1440,1.8,8,0,47896
72,Dell,Notebook,15.6,0,0,1920,1.8,8,256,39165
73,MSI,Gaming,17.3,0,0,1920,2.8,16,256,100699
74,Acer,2 in 1 Convertible,13.3,1,0,1920,1.6,8,256,45128
75,HP,Notebook,15.6,0,0,1920,2.5,8,256,30636
76,Lenovo,Notebook,15.6,0,0,1366,2.5,4,128,26533
77,Apple,Ultrabook,15.4,0,1,2880,2.7,16,512,135195
78,Lenovo,2 in 1 Convertible,14,1,0,2560,2.6,16,512,133147
79,Apple,Ultrabook,13.3,0,1,2560,3.1,8,256,96096
80,Asus,Ultrabook,13.3,1,0,1920,2.7,16,512,93181
81,Dell,Notebook,15.6,0,0,1920,2.7,8,0,31963
82,Lenovo,Ultrabook,14,0,0,2560,2.7,8,512,121585
83,Acer,Notebook,15.6,0,0,1366,1.1,4,0,18541
84,Dell,Notebook,15.6,0,0,1920,2,4,256,25841
85,Acer,Notebook,15.6,0,0,1366,3,4,0,21312
86,Asus,Notebook,15.6,0,0,1920,2.4,6,256,30743
87,Toshiba,Notebook,15.6,0,0,1366,2.5,8,0,43263
88,Apple,Ultrabook,15.4,0,1,2880,2.8,16,256,130002
89,HP,Ultrabook,14,0,0,1920,2.7,4,256,57649
90,Lenovo,Notebook,13.3,0,0,1920,2.4,4,128,29251
91,Apple,Ultrabook,15.4,0,1,2880,2.2,16,0,114018
92,Dell,Workstation,15.6,0,0,1920,2.6,8,0,72940
93,HP,Gaming,15.6,0,0,1920,2.8,12,128,66547
94,HP,Notebook,15.6,0,0,1920,1.6,6,256,32980
95,Dell,Notebook,15.6,0,0,1366,2.7,12,0,37992
96,Apple,Ultrabook,13.3,0,0,1440,1.8,8,0,61736
97,Dell,Workstation,15.6,0,0,1920,2.7,8,256,113753
98,Lenovo,2 in 1 Convertible,14,1,0,1920,2.4,4,256,33513
99,Dell,Notebook,17.3,0,0,1920,1.8,8,128,58555
100,Asus,Ultrabook,14,0,0,1920,1.8,16,512,79654
101,MSI,Gaming,15.6,0,0,1920,2.8,16,256,95851
102,Lenovo,2 in 1 Convertible,14,1,0,2560,2.7,16,512,133680
103,Dell,Notebook,15.6,0,0,1920,2,4,256,26581
104,Acer,Ultrabook,14,0,0,1920,1.6,8,256,41026
105,HP,Notebook,15.6,0,0,1920,2.7,8,256,38308
106,Acer,Notebook,15.6,0,0,1920,1.8,8,0,39694
107,Asus,2 in 1 Convertible,13.3,1,0,1920,1.6,8,256,70063
108,Dell,Notebook,15.6,0,0,1920,2.5,4,256,34046
109,Apple,Ultrabook,12,0,1,2304,1.2,8,256,67261
110,Lenovo,Notebook,17.3,0,0,1600,2,4,0,26054
111,HP,Notebook,15.6,0,0,1366,2.5,4,0,20987
112,Acer,Notebook,15.6,0,0,1366,1.1,4,0,19368
113,Lenovo,Notebook,17.3,0,0,1920,1.8,8,0,45235
114,Asus,Notebook,14,0,0,1920,1.6,8,256,50136
115,Asus,Gaming,17.3,0,0,1920,2.8,8,0,55358
116,Dell,2 in 1 Convertible,15.6,1,0,1920,1.8,8,256,55891
117,Lenovo,Notebook,17.3,0,0,1600,1.6,8,256,37189
118,Asus,Gaming,17.3,0,0,1920,2.8,16,256,84768
119,Apple,Ultrabook,13.3,0,1,2560,2.3,8,256,80908
120,Dell,2 in 1 Convertible,13.3,1,0,1920,1.8,8,0,44702
121,Asus,Gaming,17.3,0,0,1920,2.8,16,256,95851
122,Toshiba,Notebook,15.6,0,0,1366,2.2,4,0,23816
123,Dell,Notebook,15.6,1,0,1920,2.7,16,0,45768
124,Dell,Gaming,15.6,0,0,1920,2.8,8,128,56503
125,Asus,Notebook,17.3,0,0,1366,1.1,4,0,24828
126,HP,Notebook,15.6,0,0,1920,1.5,4,0,18595
127,HP,Notebook,17.3,0,0,1920,1.6,8,0,48698
128,Dell,Notebook,15.6,0,0,1920,2.7,8,256,39694
129,HP,Notebook,15.6,0,0,1920,2.5,8,256,36763
130,Lenovo,Notebook,17.3,0,0,1600,2.7,6,128,45768
131,Dell,Notebook,15.6,0,0,1920,1.6,8,0,34472
132,Asus,Ultrabook,15.6,0,0,1920,2.8,16,512,105654
133,Asus,Notebook,15.6,0,0,1920,2.5,8,256,40972
134,Acer,Notebook,17.3,0,0,1920,1.6,8,256,45501
135,HP,Notebook,15.6,0,0,1366,2,4,0,23373
136,Acer,Notebook,15.6,0,0,1366,1.6,12,0,36976
137,Acer,Notebook,15.6,0,0,1920,1.8,8,256,44808
138,Asus,Notebook,15.6,0,0,1366,3,4,0,21472
139,Dell,Notebook,14,0,0,1920,2.8,8,256,62817
140,MSI,Gaming,17.3,0,0,1920,2.8,8,256,71875
141,HP,Notebook,14,0,0,1366,1.6,4,32,12201
142,HP,Ultrabook,13.3,0,0,1920,2.7,8,256,59620
143,Razer,Gaming,17.3,1,0,3840,2.9,32,1024,324955
144,HP,Notebook,13.3,0,0,1920,1.6,4,0,40173
145,Dell,Notebook,15.6,0,0,1920,2,4,0,22804
146,Acer,Notebook,17.3,0,0,1920,1.6,4,256,42890
147,Asus,Notebook,15.6,0,0,1366,3,4,0,24988
148,Acer,Notebook,15.6,0,0,1366,2.5,4,0,23539
149,Microsoft,Ultrabook,13.5,1,0,2256,2.5,8,256,71395
150,Lenovo,2 in 1 Convertible,13.9,1,0,1920,1.8,8,512,98515
151,Apple,Ultrabook,15.4,0,1,2880,2.9,16,512,152274
152,Lenovo,Notebook,15.6,0,0,1920,2.5,4,0,29251
153,Dell,Notebook,15.6,0,0,1920,2.7,8,256,41498
154,HP,Notebook,13.3,0,0,1920,1.6,8,512,51096
155,Lenovo,Notebook,15.6,0,0,1920,2.4,8,0,26587
156,Dell,Notebook,15.6,0,0,1920,1.6,8,256,38788
157,HP,Notebook,14,0,0,1920,2.5,6,256,35112
158,Asus,Notebook,17.3,0,0,1920,2.5,8,256,47472
159,HP,Gaming,17.3,0,0,1920,2.8,16,256,73473
160,Lenovo,Gaming,15.6,0,0,1920,2.8,16,256,57489
161,HP,Ultrabook,15.6,0,0,1920,3,4,256,26587
162,Asus,Gaming,17.3,0,0,1920,2.8,12,0,50563
163,Lenovo,Gaming,15.6,0,0,1920,2.5,8,256,44169
164,Microsoft,Ultrabook,13.5,1,0,2256,2.5,4,128,58022
165,Acer,Notebook,17.3,0,0,1920,2.7,4,256,37403
166,Dell,Workstation,15.6,0,0,1920,3,8,0,106187
167,Dell,Ultrabook,13.3,0,0,1920,1.8,64,256,50882
168,HP,Notebook,15.6,0,0,1920,2.7,8,0,67612
169,HP,Notebook,17.3,0,0,1920,1.8,8,256,55678
170,Dell,Gaming,15.6,0,0,3840,2.8,16,512,98302
171,Dell,Notebook,15.6,0,0,1920,1.8,8,256,46354
172,Lenovo,Notebook,15.6,0,0,1920,2.5,6,256,30849
173,Dell,Ultrabook,13.3,0,0,1920,1.6,8,256,50563
174,MSI,Gaming,15.6,0,0,1920,2.5,8,256,54758
175,Huawei,Ultrabook,13,0,0,2160,2.5,8,256,71875
176,Asus,Notebook,15.6,0,0,1366,2.4,4,0,21258
177,MSI,Gaming,17.3,0,0,1920,2.5,8,128,58342
178,HP,Notebook,15.6,0,0,1366,2.5,8,128,23758
179,Dell,Ultrabook,13.3,1,0,1920,1.6,8,128,52161
180,HP,Notebook,15.6,0,0,1366,1.5,4,0,17582
181,Acer,Notebook,14,0,0,1366,2,8,0,20726
182,Lenovo,Notebook,15.6,0,0,1366,2.3,4,128,26267
183,Asus,Gaming,15.6,0,0,1920,2.8,8,0,50563
184,Lenovo,Notebook,15.6,0,0,1920,2,4,0,22106
185,Lenovo,Notebook,15.6,0,0,1920,2.5,8,0,27652
186,Microsoft,Ultrabook,13.5,1,0,2256,2.5,16,512,137942
187,Lenovo,Gaming,15.6,0,0,1920,2.5,8,128,53227
188,Acer,Notebook,15.6,0,0,1920,1.8,8,256,50669
189,Acer,Notebook,15.6,0,0,1920,2.7,8,0,39534
190,HP,Notebook,15.6,0,0,1366,1.5,4,0,13746
191,Dell,Notebook,15.6,0,0,1920,1.8,8,128,45554
192,Dell,2 in 1 Convertible,13.3,1,0,1920,1.6,8,256,43636
193,HP,Notebook,15.6,0,0,1366,2.5,8,128,31382
194,Acer,Notebook,15.6,0,0,1920,2.7,4,0,28238
195,HP,Notebook,17.3,0,0,1920,1.8,16,0,56424
196,Acer,Notebook,15.6,1,0,1920,2.7,12,0,35112
197,Acer,Notebook,15.6,0,0,1366,3,4,256,24029
198,Lenovo,Gaming,15.6,0,0,1920,2.8,16,256,79867
199,HP,Notebook,17.3,0,0,1920,2.5,6,0,37243
200,HP,Notebook,14,0,0,1920,1.6,8,0,43263
201,Lenovo,Notebook,15.6,0,0,1366,2.9,4,0,16464
202,Dell,Notebook,14,0,0,1920,2.5,8,256,45768
203,MSI,Gaming,17.3,0,0,1920,2.8,16,512,133147
204,Lenovo,Gaming,15.6,0,0,1920,2.8,16,512,93187
205,Toshiba,Notebook,15.6,0,0,1366,2.4,4,0,26054
206,Asus,Ultrabook,14,0,0,1920,2.7,8,256,63563
207,Lenovo,2 in 1 Convertible,15.6,1,0,1920,2.8,8,512,90523
208,HP,Notebook,17.3,0,0,1920,1.6,8,256,49177
209,MSI,Gaming,15.6,0,0,1920,2.8,16,256,69211
210,Dell,Notebook,15.6,0,0,1366,2.4,8,0,24456
211,Lenovo,Notebook,14,0,0,1920,2.7,8,256,78854
212,Lenovo,Notebook,14,0,0,1920,2.7,8,512,42571
213,Dell,Workstation,15.6,0,0,3840,3,16,256,162770
214,Dell,Notebook,15.6,0,0,1920,2.8,8,256,97449
215,HP,Ultrabook,15.6,0,0,1920,1.8,8,256,35112
216,Asus,2 in 1 Convertible,11.6,1,0,1366,1.1,4,0,19980
217,Asus,Notebook,17.3,0,0,1920,1.8,8,128,61006
218,Asus,Ultrabook,15.6,0,0,1920,1.8,16,256,67239
219,Lenovo,Notebook,15.6,0,0,1920,2.9,8,256,111355
220,Dell,Notebook,15.6,0,0,1366,2,4,0,22305
221,Lenovo,Gaming,15.6,0,0,1920,2.8,16,512,74485
222,Apple,Ultrabook,13.3,0,0,1440,1.6,8,0,58555
223,Asus,Notebook,17.3,0,0,1920,2.7,8,128,47366
224,Asus,Notebook,14,0,0,1366,1.5,4,64,14811
225,Asus,Notebook,15.6,0,0,1366,1.1,4,0,16197
226,Dell,Notebook,17.3,0,0,1920,1.8,8,128,60846
227,Dell,Ultrabook,13.3,1,0,3200,2.4,8,256,73473
228,Dell,Notebook,15.6,0,0,1920,1.6,8,256,42624
229,Dell,Gaming,15.6,0,0,1920,2.5,8,256,46833
230,Lenovo,Notebook,15.6,0,0,1920,1.6,8,256,39374
231,Acer,Notebook,15.6,0,0,1366,2,4,0,24988
232,Lenovo,2 in 1 Convertible,13.3,1,0,1920,2.5,8,256,74539
233,Dell,Notebook,15.6,1,0,1366,2.4,6,0,23390
234,Dell,Workstation,15.6,0,0,1920,2.7,16,256,105228
235,Lenovo,Gaming,15.6,0,0,1920,2.8,8,0,69211
236,Dell,Ultrabook,15.6,0,0,1920,1.9,8,256,69157
237,Lenovo,Notebook,15.6,0,0,1920,1.8,8,256,65511
238,HP,Workstation,15.6,0,0,1920,2.9,8,512,81732
239,Acer,Notebook,15.6,0,0,1366,2,4,128,23923
240,HP,Notebook,17.3,0,0,1920,1.6,8,0,47739
241,Dell,Notebook,15.6,0,0,1920,1.6,8,0,40440
242,Lenovo,2 in 1 Convertible,13.9,1,0,1920,2.7,8,256,57489
243,Lenovo,Notebook,14,0,0,1920,2.5,8,256,71662
244,HP,Notebook,14,0,0,1366,1.6,4,0,38468
245,Acer,Notebook,15.6,0,0,1920,2.8,8,256,52161
246,Lenovo,Notebook,15.6,0,0,1920,2.7,8,256,58448
247,Dell,Ultrabook,15.6,0,0,1920,1.6,8,0,35325
248,Dell,Ultrabook,13.3,0,0,1920,1.6,8,256,86793
249,Lenovo,Notebook,14,0,0,1920,2.5,8,256,49977
250,Acer,2 in 1 Convertible,13.3,1,0,1920,2.3,8,256,36710
251,Dell,Notebook,17.3,0,0,1920,1.8,16,256,74379
252,Dell,Notebook,15.6,0,0,1920,1.8,8,128,52161
253,HP,Gaming,17.3,0,0,1920,2.8,12,0,90523
254,Chuwi,Notebook,15.6,0,0,1920,1.4,4,0,13053
255,HP,Notebook,15.6,0,0,1920,2.7,8,256,69477
256,Dell,Notebook,15.6,0,0,1920,1.8,8,128,52481
257,HP,Notebook,14,0,0,1920,1.8,8,512,57756
258,Dell,Notebook,15.6,0,0,1920,2.7,16,256,47899
259,Dell,Workstation,17.3,0,0,1920,2.9,16,256,153705
260,MSI,Gaming,18.4,0,0,1920,2.9,32,512,149131
261,Dell,2 in 1 Convertible,11.6,1,0,1366,1.6,4,0,25521
262,HP,Notebook,17.3,0,0,1920,1.6,8,256,49444
263,Lenovo,Ultrabook,14,0,0,2560,2.6,12,256,98994
264,Asus,Notebook,14,0,0,1366,1.5,2,0,10603
265,Dell,Ultrabook,13.3,1,0,3840,1.8,8,256,103843
266,HP,2 in 1 Convertible,13.3,1,0,3840,1.8,8,512,106507
267,Acer,Notebook,15.6,0,0,1366,2,4,0,20779
268,HP,Notebook,15.6,1,0,1366,2.5,8,0,29784
269,Asus,Ultrabook,15.6,0,0,1920,2.5,8,256,52055
270,HP,Notebook,15.6,0,0,1920,2.5,8,0,61485
271,Asus,Notebook,15.6,0,0,1920,2.5,4,128,30636
272,MSI,Gaming,17.3,0,0,1920,2.8,8,128,75072
273,Lenovo,Notebook,15.6,0,0,1920,2.4,6,0,26587
274,Dell,Notebook,17.3,0,0,1920,2.7,8,0,109011
275,Asus,Gaming,17.3,0,0,1920,2.9,16,256,159787
276,Dell,Ultrabook,13.3,0,0,1920,1.8,8,256,77203
277,Google,Ultrabook,12.3,1,0,2400,1.2,8,128,67932
278,Lenovo,Gaming,15.6,0,0,1920,2.8,16,256,62817
279,Asus,Ultrabook,15.6,0,0,1920,2.7,16,512,78215
280,Dell,Notebook,15.6,0,0,1366,2.5,8,0,34045
281,Microsoft,Ultrabook,13.5,1,0,2256,2.2,4,128,52694
282,HP,Notebook,13.3,0,0,1920,1.6,4,0,35964
283,HP,Workstation,15.6,0,0,1920,2.8,8,256,92615
284,Dell,Ultrabook,13.3,1,0,1920,1.6,8,256,98134
285,Toshiba,Notebook,15.6,0,0,1920,2.5,16,512,74752
286,Apple,Ultrabook,13.3,0,1,2560,3.1,8,512,108691
287,Lenovo,Notebook,15.6,0,0,1920,2.7,8,0,35112
288,Acer,Notebook,15.6,0,0,1920,2.8,8,0,41505
289,Dell,Workstation,15.6,1,0,3840,2.8,8,256,144495
290,Microsoft,Ultrabook,33.5,1,0,2256,2.5,8,256,95851
291,Asus,Gaming,17.3,0,0,1920,2.9,32,512,207259
292,Dell,Notebook,15.6,0,0,1920,2,4,0,23923
293,Acer,Notebook,15.6,0,0,1366,1.5,2,16,10603
294,Asus,Notebook,15.6,0,0,3840,2.6,12,128,69211
295,Lenovo,Ultrabook,14,0,0,2560,2.7,16,1024,139860
296,Asus,Gaming,17.3,0,0,1920,2.8,16,256,74965
297,HP,Notebook,17.3,0,0,1600,2,8,256,34094
298,Dell,Notebook,14,0,0,1366,2.3,8,128,39427
299,Acer,Gaming,15.6,0,0,1920,2.5,8,256,45075
300,Acer,Ultrabook,14,0,0,1920,1.8,8,256,47100
301,Asus,Notebook,14,0,0,1366,2.4,4,128,27120
302,HP,Notebook,15.6,0,0,1920,2,4,0,18595
303,Lenovo,Notebook,15.6,0,0,1366,1.1,4,0,16304
304,Asus,Gaming,17.3,0,0,1920,2.8,8,0,63243
305,Dell,Notebook,15.6,0,0,1920,1.8,8,128,51730
306,Acer,Notebook,15.6,0,0,1920,2,4,0,28984
307,Lenovo,Notebook,15.6,0,0,1920,2.5,8,256,29251
308,Acer,Netbook,11.6,0,0,1366,1.6,4,128,23177
309,Asus,Gaming,17.3,0,0,1920,2.8,16,256,113060
310,HP,Notebook,17.3,0,0,1600,2,8,0,26054
311,Lenovo,Notebook,14,0,0,1920,2.5,8,180,72674
312,Lenovo,Notebook,15.6,0,0,1366,1.1,4,0,17156
313,Asus,Notebook,15.6,0,0,1920,2.5,8,0,39907
314,Asus,Gaming,17.3,0,0,1920,2.8,16,256,81465
315,Dell,Notebook,15.6,0,0,1920,1.8,8,256,60224
316,Lenovo,Notebook,15.6,0,0,1366,2,8,128,31382
317,Lenovo,Notebook,17.3,0,0,1600,2.5,6,0,34579
318,Dell,Gaming,15.6,0,0,1920,2.5,8,0,53227
319,Toshiba,Notebook,13.3,0,0,1920,2.5,8,256,89084
320,HP,Notebook,17.3,0,0,1920,2.5,4,0,23390
321,Dell,Notebook,15.6,1,0,1366,2.5,8,0,29697
322,Lenovo,Notebook,15.6,0,0,1366,2.5,8,0,29251
323,Acer,Notebook,15.6,0,0,1920,2.7,4,256,30476
324,Lenovo,Notebook,15.6,0,0,1920,2.5,8,128,43317
325,Dell,Notebook,14,0,0,1920,2.6,8,256,76031
326,Dell,Notebook,15.6,0,0,1920,1.8,8,512,67239
327,Dell,Ultrabook,13.3,1,0,3200,1.8,16,512,99580
328,HP,Notebook,15.6,0,0,1366,2.7,8,0,31861
329,Apple,Ultrabook,13.3,0,0,1440,1.6,8,0,53173
330,Dell,Notebook,15.6,0,0,1366,2.4,4,0,31254
331,HP,2 in 1 Convertible,13.3,1,0,3840,1.6,8,256,79867
332,Huawei,Ultrabook,13,0,0,2160,2.7,8,512,79867
333,Lenovo,Notebook,25.6,0,0,1920,1.6,8,256,60979
334,Acer,Notebook,15.6,0,0,1920,2.8,8,256,46833
335,Asus,2 in 1 Convertible,13.3,1,0,1920,2.5,8,256,49444
336,Lenovo,Notebook,14,0,0,1366,1.1,4,0,13267
337,HP,Notebook,13.3,0,0,1920,1.6,4,128,38681
338,Lenovo,Notebook,17.3,0,0,1600,2.7,6,128,50563
339,HP,Notebook,15.6,0,0,1366,2,4,0,23390
340,Asus,Gaming,15.6,0,0,1920,2.8,8,128,67399
341,Dell,Notebook,15.6,0,0,1920,1.8,16,256,55891
342,Lenovo,Notebook,13.3,0,0,1920,2.4,8,256,50563
343,HP,Notebook,14,0,0,1920,1.8,8,256,52641
344,Dell,Notebook,15.6,0,0,1920,1.6,8,128,44968
345,Dell,Ultrabook,13.3,0,0,1920,1.8,8,256,49651
346,Asus,Notebook,17.3,0,0,1920,2,4,0,30050
347,Dell,Notebook,15.6,0,0,1920,2.5,4,256,31909
348,Asus,Notebook,14,0,0,1920,2.5,8,256,50350
349,Dell,Ultrabook,13.3,0,0,1920,1.6,8,256,74539
350,HP,Notebook,15.6,0,0,1920,2.5,6,128,30311
351,Lenovo,Notebook,15.6,0,0,1366,1.1,4,0,13446
352,Asus,Notebook,15.6,0,0,1920,1.8,8,256,59567
353,Lenovo,Notebook,15.6,0,0,1920,2.5,8,256,48538
354,Acer,Notebook,15.6,0,0,1366,2.7,4,0,19554
355,Dell,Notebook,15.6,0,0,1366,2,4,0,32922
356,Acer,Notebook,15.6,1,0,1920,2.4,6,0,25521
357,Asus,Netbook,11.6,0,0,1366,1.1,4,0,18115
358,MSI,Gaming,15.6,0,0,1920,2.8,16,256,119427
359,Dell,Notebook,13.3,0,0,1366,2,4,128,36710
360,HP,2 in 1 Convertible,13.3,1,0,3840,1.8,16,1024,130483
361,Acer,2 in 1 Convertible,11.6,1,0,1920,2,4,0,18595
362,Lenovo,2 in 1 Convertible,13.9,1,0,3840,1.8,16,512,98515
363,HP,Notebook,15.6,0,0,1366,2.5,8,256,32980
364,Lenovo,Notebook,15.6,0,0,1920,2.5,8,256,33513
365,HP,Ultrabook,14,0,0,1920,2.5,8,256,79920
366,HP,Notebook,17.3,0,0,1920,1.8,16,512,67719
367,Lenovo,Notebook,13.3,0,0,1366,1.6,4,0,24503
368,Dell,Notebook,17.3,0,0,1920,1.6,8,128,52161
369,Lenovo,Notebook,15.6,0,0,1920,2.7,4,128,33566
370,Dell,Notebook,15.6,0,0,1366,2.5,8,0,28769
371,HP,Ultrabook,13.3,1,0,3200,1.2,16,512,104695
372,HP,Notebook,15.6,0,0,1366,2.5,4,0,26037
373,Lenovo,2 in 1 Convertible,13.9,1,0,1920,1.6,8,256,85195
374,Toshiba,Notebook,15.6,0,0,1366,2.5,8,128,42251
375,Lenovo,Ultrabook,14,0,0,1920,1.8,8,256,64755
376,Lenovo,Notebook,17.3,0,0,1920,2.8,8,256,159787
377,HP,Notebook,14,0,0,1920,2.5,8,256,52214
378,Dell,2 in 1 Convertible,15.6,1,0,1920,1.8,8,0,43636
379,Asus,Notebook,15.6,0,0,1920,2.5,8,128,44702
380,HP,Notebook,15.6,0,0,1920,1.6,8,256,46833
381,Lenovo,Notebook,14,0,0,1366,1.1,4,0,15931
382,Xiaomi,Notebook,15.6,0,0,1920,1.6,8,256,63883
383,Acer,Notebook,11.6,0,0,1366,1.6,4,0,25841
384,Asus,Notebook,15.6,0,0,1920,2,4,0,20726
385,Dell,Ultrabook,13.3,1,0,3840,1.6,8,128,85195
386,Lenovo,Netbook,11.6,0,0,1366,1.6,4,16,14119
387,Lenovo,2 in 1 Convertible,15.6,1,0,3840,2.8,16,512,101179
388,Dell,Notebook,17.3,1,0,1920,1.8,16,512,82531
389,HP,Notebook,14,0,0,1920,2.7,8,256,68838
390,Dell,Notebook,15.6,0,0,1366,2.6,4,0,51096
391,Dell,Notebook,15.6,1,0,3840,2.8,16,512,127712
392,Lenovo,Notebook,13.3,0,0,1920,2.5,8,256,50563
393,Lenovo,Notebook,17.3,0,0,1600,2.5,6,128,38308
394,Chuwi,Notebook,12.3,0,1,2736,1.1,6,0,23923
395,Lenovo,Notebook,17.3,0,0,1600,2.5,4,0,31382
396,Lenovo,Notebook,15.6,0,0,1920,1.1,4,0,18328
397,Lenovo,Notebook,14,0,0,1366,2.5,4,0,52747
398,HP,Notebook,15.6,0,0,1920,2.5,8,0,34046
399,HP,Workstation,17.3,0,0,1600,2.8,8,0,99154
400,Lenovo,Notebook,15.6,0,0,1366,2,8,256,26587
401,HP,Notebook,15.6,0,0,1920,2.9,8,256,76031
402,Asus,Gaming,17.3,0,0,1920,2.5,8,128,49977
403,HP,Notebook,14,0,0,1366,1.6,8,0,20726
404,Lenovo,Notebook,17.3,0,0,1600,2.5,8,0,31382
405,Asus,Notebook,35.6,0,0,1920,2.4,8,0,31808
406,HP,Notebook,15.6,0,0,1366,1.6,8,0,20726
407,Asus,Notebook,15.6,0,0,1920,2.7,8,256,65215
408,HP,Ultrabook,13.3,0,0,1920,2.7,8,256,74539
409,HP,Notebook,15.6,0,0,1920,3,6,256,34579
410,Lenovo,Notebook,15.6,0,0,1920,2.5,4,0,26587
411,Dell,Gaming,27.3,0,0,2560,2.9,16,256,149131
412,Asus,Notebook,15.6,0,0,1920,2.5,4,256,29784
413,HP,Notebook,14,0,0,1920,1.8,8,256,54932
414,Lenovo,Notebook,15.6,0,0,1920,2.5,8,256,44222
415,Dell,Notebook,14,0,0,1920,2.6,8,256,68184
416,Lenovo,Notebook,14,0,0,1366,1.1,4,0,15558
417,Acer,Notebook,15.6,0,0,1920,1.6,4,0,32661
418,Dell,Gaming,15.6,0,0,1920,2.8,8,128,61752
419,Lenovo,Notebook,15.6,0,0,1366,2.3,8,0,24456
420,Dell,Notebook,17.3,0,0,1920,1.6,8,128,57809
421,Lenovo,Notebook,15.6,0,0,1920,1.6,4,0,36497
422,HP,Notebook,15.6,0,0,1366,2,4,128,36710
423,Dell,Ultrabook,14,0,0,1920,1.6,8,256,61219
424,Chuwi,Notebook,15.6,0,0,1920,1.4,4,0,13261
425,Mediacom,Notebook,14,0,0,1920,1.4,4,32,13267
426,Lenovo,Gaming,15.6,0,0,1920,2.5,8,128,43104
427,Toshiba,Ultrabook,14,1,0,1920,2.7,16,512,99367
428,Dell,2 in 1 Convertible,13.3,1,0,1920,1.8,16,512,68145
429,Lenovo,Notebook,17.3,0,0,1600,2.5,8,0,27652
430,Dell,Notebook,15.6,0,0,1920,1.8,8,256,60867
431,Lenovo,Notebook,15.6,0,0,1366,1.1,4,0,19180
432,Acer,Notebook,15.6,0,0,1366,2.5,6,0,29251
433,HP,Ultrabook,13.3,0,0,1920,2.7,8,512,70489
434,MSI,Gaming,17.3,0,0,1920,2.8,16,256,119827
435,Lenovo,2 in 1 Convertible,13.3,1,0,1920,2.7,8,512,107892
436,Lenovo,Gaming,17.3,0,0,1920,2.7,32,256,141885
437,Lenovo,Notebook,15.6,0,0,1366,2,4,128,30103
438,Dell,Notebook,15.6,0,0,1920,2.7,8,256,47899
439,Dell,Notebook,15.6,0,0,1920,1.6,4,256,39907
440,Dell,Ultrabook,14,0,0,1920,2.8,8,256,58555
441,Asus,Ultrabook,14,0,0,1920,2.7,8,512,99793
442,HP,Notebook,13.3,0,0,1920,2.5,4,256,37243
443,Asus,Ultrabook,15.6,0,0,1920,2.7,8,256,55939
444,Lenovo,Gaming,15.6,0,0,1920,2.8,8,256,61219
445,Acer,Gaming,15.6,0,0,1920,2.5,8,0,42517
446,MSI,Gaming,17.3,0,0,1920,2.9,16,512,145401
447,Lenovo,Ultrabook,12.5,0,0,1920,2.5,8,256,76137
448,Dell,Ultrabook,13.3,1,0,1920,2.5,8,128,47899
449,Dell,Notebook,17.3,0,0,1920,1.6,8,128,47366
450,Lenovo,Notebook,14,0,0,1920,1.6,8,256,55891
451,HP,Ultrabook,14,0,0,1920,2.7,8,256,93240
452,Lenovo,Notebook,14,0,0,1920,2.5,8,256,78535
453,Lenovo,Notebook,15.6,0,0,1920,1.1,4,128,18595
454,Lenovo,Notebook,15.6,0,0,1920,2,4,256,23656
455,Dell,Notebook,15.6,0,0,1920,2.7,8,256,39907
456,HP,2 in 1 Convertible,13.3,1,0,1920,2.8,16,256,105228
457,Lenovo,Notebook,24,0,0,1920,2.3,8,256,71395
458,Acer,Notebook,17.3,0,0,1920,2.7,4,0,34898
459,Acer,Notebook,15.6,0,0,1920,2.7,4,0,34046
460,HP,Ultrabook,12.5,0,0,1920,2.7,8,256,71129
461,Toshiba,Ultrabook,13.3,0,0,1920,2.5,16,512,93080
462,Asus,2 in 1 Convertible,15.6,1,0,1920,2.7,12,512,58555
463,Dell,2 in 1 Convertible,12.5,1,0,1920,2.5,8,256,88978
464,Mediacom,Notebook,14,0,0,1920,1.1,4,32,20726
465,Asus,Notebook,15.6,0,0,1366,1.8,4,0,18595
466,Dell,Notebook,15.6,1,0,3840,2.8,32,1024,140606
467,Dell,Notebook,15.6,0,0,1366,2.6,8,0,53734
468,Dell,Workstation,15.6,0,0,1920,2.7,16,512,124569
469,Dell,Workstation,15.6,1,0,1920,2.8,8,256,93933
470,HP,Gaming,17.3,0,0,1920,2.8,12,256,106507
471,Dell,Notebook,15.6,0,0,1920,1.6,8,256,36089
472,Dell,Ultrabook,14,0,0,1920,2.8,8,512,89510
473,MSI,Gaming,17.3,0,0,1920,2.8,8,256,63883
474,HP,Notebook,13.3,0,0,1920,2.4,4,128,38308
475,Acer,Notebook,15.6,0,0,1366,3,4,128,22697
476,Lenovo,Notebook,15.6,0,0,1920,2.7,4,0,42571
477,Toshiba,Notebook,15.6,0,0,1920,2.5,8,256,55571
478,HP,Notebook,15.6,0,0,1920,2.7,8,256,64948
479,Dell,Notebook,15.6,0,0,1920,2.5,8,0,44542
480,Mediacom,2 in 1 Convertible,11.6,1,0,1920,1.1,4,32,15931
481,Lenovo,2 in 1 Convertible,14,0,0,1920,1.6,8,256,47899
482,HP,Gaming,15.6,0,0,1920,2.8,8,128,58555
483,Dell,Notebook,15.6,0,0,1920,2.8,16,256,81912
484,HP,Notebook,15.6,0,0,1920,2.4,4,128,37589
485,Lenovo,Notebook,15.6,0,0,1366,2,8,0,24456
486,Lenovo,Notebook,14,0,0,1920,1.6,8,256,59462
487,Dell,Notebook,15.6,0,0,1920,1.8,16,256,64961
488,Dell,Notebook,15.6,0,0,1920,2.8,16,512,101179
489,Dell,Notebook,15.6,0,0,1920,2.5,4,0,31169
490,Asus,Gaming,17.3,0,0,1920,3,16,256,117163
491,Lenovo,Notebook,15.6,0,0,1920,2.5,8,128,43636
492,Toshiba,Notebook,15.6,0,0,1920,2.5,8,256,50243
493,Samsung,Netbook,11.6,0,0,1366,1.6,4,0,14332
494,Lenovo,Notebook,14,0,0,1920,2.5,4,0,41825
495,HP,Notebook,15.6,0,0,1920,1.6,4,0,38468
496,HP,Notebook,15.6,0,0,1366,2.4,4,0,35617
497,Dell,Netbook,11.6,0,0,1366,1.6,4,0,15718
498,Lenovo,Ultrabook,12.5,0,0,1920,2.7,16,512,95797
499,Dell,Notebook,15.6,0,0,1920,2.8,8,256,73367
500,Asus,Notebook,14,0,0,1920,2.7,8,256,71076
501,Lenovo,Gaming,15.6,0,0,1920,2.8,8,256,46300
502,Lenovo,Notebook,13.3,0,0,1920,2.7,8,256,53813
503,Acer,Notebook,14,0,0,1920,1.1,4,0,17529
504,HP,Notebook,15.6,0,0,1920,2,4,0,24988
505,Lenovo,Notebook,17.3,0,0,1600,2.2,4,128,26054
506,MSI,Gaming,17.3,0,0,1920,2.7,16,128,125155
507,Lenovo,Notebook,15.6,0,0,1920,2,4,0,23923
508,Xiaomi,Notebook,15.6,0,0,1920,1.8,16,256,74589
509,Asus,Gaming,15.6,0,0,1920,2.8,8,0,62284
510,Lenovo,Notebook,35.6,0,0,1920,2,4,0,21792
511,HP,Gaming,17.3,0,0,1920,2.8,16,256,79813
512,MSI,Gaming,17.3,0,0,1920,2.7,16,128,117163
513,Lenovo,Notebook,15.6,0,0,1920,2.3,4,0,24634
514,Acer,Notebook,15.6,0,0,1366,2,4,0,23976
515,Asus,Ultrabook,12.5,0,0,1920,2.7,16,512,103896
516,Lenovo,Notebook,11.6,0,0,1366,1.1,2,0,16221
517,Asus,Netbook,11.6,0,0,1366,1.1,2,0,13054
518,Dell,Notebook,15.6,0,0,1366,2,4,0,24775
519,HP,Notebook,15.6,0,0,1920,2,4,0,21152
520,Lenovo,Ultrabook,14,0,0,1920,2.6,12,256,89137
521,Lenovo,Notebook,14,0,0,1366,1.6,4,0,14599
522,Asus,Gaming,15.6,0,0,1920,2.8,8,256,53227
523,Lenovo,Notebook,15.6,0,0,1920,2.5,8,256,53919
524,Lenovo,Notebook,14,0,0,1920,2.7,4,128,31915
525,MSI,Gaming,15.6,0,0,3840,2.8,16,256,122491
526,Lenovo,Notebook,15.6,1,0,1366,1.8,12,0,32448
527,Acer,Ultrabook,14,0,0,1920,2.5,8,256,48964
528,HP,Notebook,15.6,1,0,1366,1.6,4,0,27784
529,HP,Notebook,14,0,0,1920,2.6,8,256,67559
530,Lenovo,Notebook,15.6,0,0,1920,2.7,8,512,92121
531,Toshiba,Notebook,15.6,0,0,1920,2.5,8,256,74539
532,Lenovo,Workstation,15.6,0,0,3840,2.8,16,512,130270
533,Dell,Notebook,15.6,0,0,1920,2.8,8,256,72940
534,Lenovo,Notebook,13.3,0,0,1920,2.5,8,256,53227
535,Razer,Gaming,14,0,0,1920,2.8,16,256,138475
536,Toshiba,Ultrabook,13.3,1,0,1920,2.7,32,512,149131
537,Lenovo,2 in 1 Convertible,13.3,1,0,1920,2.5,8,256,55092
538,HP,Notebook,15.6,0,0,1920,2.5,8,256,60952
539,Asus,Gaming,17.3,0,0,1920,2.5,8,128,94306
540,Lenovo,Notebook,15.6,0,0,1920,2,4,128,26587
541,Dell,Notebook,15.6,0,0,1920,1.6,4,0,41345
542,Toshiba,Notebook,13.3,0,0,1920,2.3,8,256,64629
543,Asus,Gaming,15.6,0,0,1920,2.8,24,512,158135
544,Asus,Gaming,15.6,0,0,1920,2.8,8,128,71928
545,Lenovo,Notebook,35.6,0,0,1366,2.2,4,128,18595
546,Lenovo,Ultrabook,12.5,0,0,1920,2.7,8,256,84396
547,Lenovo,Notebook,15.6,0,0,1920,2.5,6,0,30050
548,Fujitsu,Notebook,15.6,0,0,1366,2.5,8,256,42571
549,Asus,2 in 1 Convertible,15.6,1,0,1366,2.5,8,0,39374
550,Dell,Ultrabook,13.3,1,0,3840,1.8,16,1024,133147
551,Asus,Gaming,17.3,0,0,1920,2.7,32,512,149131
552,HP,2 in 1 Convertible,14,1,0,1920,2.4,4,128,37243
553,Lenovo,Notebook,15.6,0,0,1920,2.9,16,512,130483
554,Lenovo,2 in 1 Convertible,15.6,1,0,1920,2.8,8,256,69211
555,Asus,Gaming,17.3,0,0,1920,3.2,8,256,90310
556,Lenovo,Workstation,15.6,0,0,1920,2.8,8,512,102564
557,Asus,Notebook,15.6,0,0,1366,1.1,4,0,14651
558,HP,Notebook,15.6,0,0,1920,2.5,8,256,47366
559,Dell,Notebook,15.6,0,0,1920,2.5,8,256,59513
560,Dell,Notebook,15.6,0,0,1920,1.6,8,256,42486
561,Acer,Notebook,15.6,0,0,1366,2.5,8,0,30849
562,Acer,Gaming,15.6,0,0,1920,2.5,8,0,37776
563,Dell,Gaming,17.3,0,0,1920,2.8,16,256,143803
564,HP,Notebook,15.6,0,0,1366,2.3,4,0,49657
565,Dell,Notebook,15.6,0,0,1920,1.6,8,256,60886
566,Lenovo,Ultrabook,14,0,0,2560,2.8,8,512,103523
567,Dell,Ultrabook,13.3,0,0,1920,1.6,8,256,77251
568,MSI,Gaming,15.6,0,0,1920,2.8,16,256,68944
569,Dell,Notebook,15.6,0,0,1366,1.6,4,0,14647
570,Mediacom,Notebook,14,0,0,1920,1.4,2,0,12734
571,Acer,Notebook,14,0,0,1366,1.6,4,0,18595
572,Asus,Gaming,17.3,1,0,1920,2.6,24,256,67612
573,HP,Notebook,15.6,0,0,1920,1.6,4,256,21258
574,MSI,Gaming,15.6,0,0,1920,2.8,8,128,63499
575,Toshiba,Notebook,14,1,0,1920,2.5,8,256,81785
576,HP,Notebook,17.3,0,0,1600,2,8,0,28992
577,Asus,Ultrabook,14,0,0,1920,2.5,8,256,60473
578,Lenovo,Notebook,15.6,0,0,3840,3.1,32,1024,261019
579,HP,Notebook,15.6,0,0,1920,2,4,0,24988
580,HP,2 in 1 Convertible,11.6,1,0,1366,1.1,8,0,26374
581,HP,Notebook,15.6,0,0,1366,2,4,0,19442
582,MSI,Gaming,15.6,0,0,1920,2.8,16,256,111835
583,Lenovo,2 in 1 Convertible,14,1,0,1920,2.5,8,256,53227
584,Dell,Gaming,15.6,0,0,1920,2.6,16,0,46834
585,Lenovo,Ultrabook,12.5,0,0,1366,2.3,8,180,58555
586,Lenovo,Notebook,15.6,0,0,1920,2.5,4,128,24935
587,HP,Notebook,17.3,0,0,1920,2.7,8,0,68198
588,HP,Gaming,17.3,0,0,1920,2.8,12,0,95851
589,Toshiba,Notebook,15.6,0,0,1920,2.5,8,0,56690
590,LG,Ultrabook,15.6,0,0,1920,1.8,8,512,122491
591,Lenovo,Notebook,15.6,0,0,1920,3.6,12,0,47899
592,Acer,2 in 1 Convertible,13.3,1,0,1920,2.5,8,256,42038
593,Lenovo,Workstation,15.6,0,0,3840,2.8,16,1024,175771
594,Dell,Notebook,15.6,0,0,1366,2,4,0,23651
595,Asus,2 in 1 Convertible,13.3,1,0,1920,2.5,6,0,34046
596,Acer,Notebook,15.6,0,0,1920,2.2,8,256,24988
597,Lenovo,Notebook,14,0,0,1920,2.7,8,256,45768
598,Asus,Notebook,15.6,0,0,1366,1.1,4,0,11935
599,Dell,Notebook,15.6,0,0,1920,1.8,8,256,48964
600,Lenovo,Notebook,15.6,0,0,1920,3.6,12,512,50563
601,Acer,Gaming,15.6,0,0,1920,2.5,16,256,69211
602,Lenovo,Notebook,15.6,0,0,1920,1.8,8,256,47893
603,HP,Notebook,15.6,0,0,1920,2.4,8,0,38148
604,HP,Notebook,15.6,0,0,1366,1.6,4,0,18488
605,Asus,2 in 1 Convertible,11.6,1,0,1366,1.1,2,0,14652
606,Acer,Notebook,14,0,0,1366,1.6,2,0,17582
607,Dell,Notebook,15.6,0,0,1920,1.8,16,256,60473
608,Mediacom,Notebook,13.3,0,0,1920,1.4,4,0,13586
609,Dell,Ultrabook,13.3,1,0,3200,1.8,8,256,74539
610,Asus,Notebook,14,0,0,1920,2.7,8,256,58288
611,Lenovo,2 in 1 Convertible,13.9,1,0,3840,1.8,16,512,111835
612,MSI,Gaming,15.6,0,0,1920,2.5,8,256,53168
613,Asus,Gaming,17.3,0,0,1920,2.8,16,256,80133
614,HP,Notebook,14,0,0,1920,2.8,8,1024,93187
615,Lenovo,Gaming,15.6,0,0,1920,2.6,8,128,63723
616,Dell,2 in 1 Convertible,31.6,1,0,1366,1,4,128,32128
617,Samsung,Ultrabook,13.3,0,0,1920,2.7,16,256,87859
618,Dell,Notebook,15.6,0,0,1366,2,4,0,19128
619,Google,Ultrabook,12.3,1,0,2400,1.3,16,512,117163
620,Dell,Notebook,14,0,0,1920,2,4,128,39207
621,Dell,Gaming,17.3,0,0,3840,2.8,32,512,167692
622,Asus,Notebook,15.6,0,0,1366,1.1,4,128,22324
623,HP,Notebook,15.6,0,0,1366,1.8,8,0,48059
624,Dell,Notebook,14,0,0,1366,2.5,8,256,60031
625,Dell,Notebook,15.6,0,0,1366,2.6,4,0,46300
626,Dell,Gaming,15.6,0,0,1920,2.5,16,128,109277
627,Samsung,Notebook,15.6,0,0,1920,2.8,16,128,90523
628,Dell,Ultrabook,13.3,0,0,1920,1.8,8,256,84129
629,HP,Workstation,17.3,0,0,1920,2.9,16,256,233846
630,Dell,Gaming,15.6,0,0,1920,2.8,8,0,58555
631,Acer,Notebook,15.6,0,0,1366,2.7,8,256,35112
632,HP,Notebook,17.3,0,0,1920,2,4,256,37243
633,Lenovo,Notebook,17.3,0,0,1920,2,4,0,28185
634,Dell,Notebook,14,0,0,1920,2.4,8,256,65481
635,Dell,Notebook,15.6,0,0,1920,2.5,8,128,50350
636,Lenovo,Netbook,11.6,1,0,1366,1.6,4,128,25308
637,Lenovo,Gaming,15.6,0,0,1920,2.8,8,256,74539
638,Lenovo,Gaming,15.6,0,0,1920,2.8,16,256,60153
639,HP,Ultrabook,13.3,0,0,3200,2.7,8,256,61006
640,Lenovo,Ultrabook,24,0,0,2560,2.7,24,512,126913
641,Lenovo,Notebook,15.6,0,0,1366,1.1,4,0,22324
642,Dell,Ultrabook,13.3,1,0,3200,1.6,8,256,99580
643,Lenovo,2 in 1 Convertible,13.3,1,0,1920,1.8,8,512,79867
644,Lenovo,Notebook,14,0,0,1366,1.6,2,0,13267
645,Lenovo,Notebook,15.6,0,0,1920,2.3,4,0,28505
646,HP,Notebook,15.6,0,0,1920,2.4,8,256,101232
647,Asus,2 in 1 Convertible,15.6,1,0,1920,2.7,12,0,44702
648,Dell,Gaming,15.6,0,0,1920,2.9,16,256,149917
649,HP,Notebook,14,0,0,1366,1.6,2,0,14865
650,Asus,Notebook,15.6,0,0,1366,1.1,4,0,23923
651,HP,2 in 1 Convertible,11.6,1,0,1366,1.1,4,256,41292
652,Asus,Notebook,15.6,0,0,1366,2.3,4,0,30849
653,Asus,Gaming,17.3,0,0,1920,2.8,8,128,62231
654,Asus,Notebook,15.6,0,0,1920,2.5,8,256,58555
655,HP,Notebook,15.6,0,0,1366,2.5,4,0,32640
656,Lenovo,2 in 1 Convertible,13.3,1,0,1920,2.7,8,256,93635
657,HP,2 in 1 Convertible,13.3,1,0,1920,2.5,4,256,95851
658,Dell,Notebook,15.6,0,0,1366,2,4,0,29073
659,HP,Notebook,15.6,0,0,1920,2,6,0,28718
660,Dell,Ultrabook,13.3,0,0,3200,2.5,8,256,67559
661,Lenovo,Notebook,15.6,0,0,3840,2.7,16,512,126274
662,Asus,Notebook,15.6,0,0,1366,2.7,4,256,45283
663,Dell,Gaming,17.3,0,0,1920,2.8,16,128,160520
664,Lenovo,Notebook,14,0,0,1920,2.5,8,256,45665
665,HP,2 in 1 Convertible,13.3,1,0,1920,2.8,8,256,136344
666,HP,Notebook,17.3,0,0,1920,2.4,6,0,30316
667,HP,Ultrabook,15.6,0,0,1920,2.7,8,512,74006
668,Dell,Ultrabook,13.3,0,0,1920,2.5,8,256,79867
669,Dell,Notebook,15.6,1,0,3840,2.8,16,1024,127819
670,Lenovo,2 in 1 Convertible,13.3,1,0,3200,1.8,8,256,63883
671,MSI,Gaming,17.3,0,0,1920,2.8,8,128,79215
672,Acer,2 in 1 Convertible,11.6,1,0,1366,1.6,4,0,20726
673,Acer,Notebook,14,0,0,1920,2.4,4,128,33886
674,Lenovo,Notebook,15.6,0,0,1366,1.6,4,0,16943
675,Dell,Notebook,15.6,0,0,1366,2,4,0,24280
676,Dell,Notebook,13.3,1,0,1920,2.3,8,0,34579
677,Asus,Gaming,17.3,0,0,1920,2.6,16,512,95851
678,Toshiba,Notebook,15.6,0,0,1920,2.5,8,0,45821
679,Dell,Notebook,15.6,1,0,3840,2.5,8,256,93187
680,HP,Notebook,15.6,0,0,1920,2.5,8,128,58555
681,Razer,Gaming,14,0,0,1920,2.8,16,512,154459
682,MSI,Gaming,15.6,0,0,1920,2.8,16,256,120832
683,Toshiba,Notebook,13.3,0,0,1920,2.4,8,256,81785
684,Lenovo,Gaming,15.6,0,0,1920,2.8,8,128,59088
685,Acer,Notebook,14,0,0,1366,1.6,4,0,19980
686,Asus,Gaming,17.3,0,0,1920,2.5,12,128,72988
687,Asus,Notebook,15.6,0,0,1920,1.1,8,128,31004
688,HP,Workstation,15.6,0,0,1920,2.6,8,256,83170
689,Dell,Notebook,15.6,0,0,1920,2.6,8,256,62817
690,Lenovo,Notebook,15.6,0,0,1920,2,4,0,24988
691,Lenovo,Ultrabook,12.5,0,0,1920,2.6,8,256,93773
692,Lenovo,Notebook,14,0,0,1920,2.5,4,256,37243
693,HP,Notebook,17,0,0,1600,3,8,0,27754
694,Acer,Netbook,11.6,0,0,1366,1.6,4,0,15824
695,Dell,Gaming,17.3,0,0,1920,2.8,32,512,163724
696,Lenovo,Notebook,15.6,0,0,1920,2.5,8,0,45323
697,Lenovo,Notebook,15.6,0,0,1366,2,4,0,15877
698,Dell,Gaming,17.3,0,0,1920,2.8,32,1024,191211
699,HP,Workstation,17.3,0,0,1920,2.8,8,0,101658
700,Acer,Notebook,15.6,0,0,1920,2.5,12,128,53760
701,Asus,Gaming,17.3,0,0,1920,2.6,16,256,125208
702,Dell,Gaming,15.6,0,0,3840,2.8,16,256,152860
703,Dell,Netbook,11.6,0,0,1366,1.1,4,128,39640
704,HP,Notebook,15.6,0,0,1920,2.6,8,256,71875
705,HP,Notebook,17.3,0,0,1600,2.5,8,0,48485
706,Toshiba,Ultrabook,12.5,1,0,1920,2.7,8,512,95371
707,Lenovo,Ultrabook,14,0,0,1920,2.7,16,512,130536
708,HP,Netbook,12.5,0,0,1366,2.6,8,256,74006
709,Acer,Notebook,15.6,0,0,1366,2.5,4,256,31915
710,Toshiba,Notebook,13.3,0,0,1920,2.5,4,128,68465
711,HP,Notebook,15.6,0,0,1366,2.5,8,0,45102
712,Toshiba,Ultrabook,14,0,0,1920,2.6,16,512,93986
713,Toshiba,Notebook,15.6,0,0,1366,2.3,4,0,41558
714,Lenovo,Notebook,17.3,0,0,1600,2.2,4,0,20193
715,Lenovo,Gaming,15.6,0,0,1920,2.5,8,0,54186
716,Dell,Notebook,15.6,0,0,1366,2.5,8,128,38041
717,Mediacom,Notebook,14,0,0,1920,1.9,4,0,14119
718,Lenovo,Notebook,15.6,0,0,1366,1.6,8,0,17529
719,Lenovo,Gaming,15.6,0,0,1920,2.8,8,128,55837
720,Dell,Ultrabook,13.3,1,0,3200,2.5,16,512,119347
721,Dell,Notebook,15.6,0,0,1366,2,4,0,24808
722,HP,Ultrabook,14,0,0,1920,2.5,8,512,99634
723,HP,Notebook,14,0,0,1920,2.5,4,128,67399
724,Lenovo,Ultrabook,14,0,0,1920,2.7,16,512,122491
725,Lenovo,2 in 1 Convertible,14,1,0,2560,2.7,8,256,137995
726,HP,Notebook,17.3,0,0,1920,2.7,8,256,63936
727,MSI,Gaming,14,0,0,1920,2.8,16,256,100752
728,Dell,Ultrabook,12.5,0,0,1920,2.8,16,256,99048
729,HP,Notebook,15.6,0,0,1920,2.3,4,0,48485
730,Dell,Notebook,15.6,0,0,1366,2.5,4,0,43956
731,Lenovo,Ultrabook,14,0,0,2560,2.5,64,512,89864
732,MSI,Gaming,15.6,0,0,1920,2.5,8,128,58022
733,Dell,Notebook,15.6,0,0,1920,2.7,4,256,39374
734,HP,2 in 1 Convertible,13.3,1,0,3200,2.7,16,256,74539
735,Toshiba,Ultrabook,13.3,0,0,1366,2.3,8,256,58342
736,HP,Notebook,15.6,0,0,1920,2.4,4,0,36497
737,MSI,Gaming,15.6,0,0,1920,2.8,8,128,63883
738,Toshiba,Notebook,13.3,0,0,1920,2.5,8,256,51841
739,HP,2 in 1 Convertible,13.3,1,0,1366,2.5,8,256,44574
740,Lenovo,Gaming,15.6,0,0,1920,2.8,4,0,53227
741,Samsung,Ultrabook,15,0,0,1920,2.7,8,256,90523
742,Lenovo,2 in 1 Convertible,13.3,1,0,1920,2.7,8,256,103896
743,Dell,Gaming,17.3,0,0,1920,2.8,32,256,167779
744,Google,Ultrabook,12.3,1,0,2400,1.2,8,256,83064
745,Dell,Gaming,17.3,0,0,2560,2.7,16,512,146946
746,Dell,Ultrabook,15.6,0,0,1920,1.9,16,512,85672
747,HP,Notebook,15.6,0,0,1366,2.5,8,0,33513
748,Acer,Netbook,11.6,0,0,1366,1.6,4,0,14332
749,Acer,Notebook,14,0,0,1920,2.5,8,256,48059
750,Lenovo,Notebook,15.6,0,0,1920,2.5,6,256,37030
751,Acer,Gaming,17.3,0,0,1920,2.8,16,256,122491
752,HP,2 in 1 Convertible,11.6,1,0,1366,1.1,4,0,32767
753,Toshiba,Notebook,15.6,0,0,1366,2.1,4,128,26533
754,Dell,Gaming,15.6,0,0,3840,2.8,16,512,89457
755,Dell,Workstation,15.6,0,0,1920,2.8,8,0,94732
756,Asus,Ultrabook,13.3,0,0,3200,2.5,8,256,60153
757,Dell,2 in 1 Convertible,13.3,1,0,3200,1.3,16,512,101179
758,Dell,Gaming,15.6,0,0,1920,2.5,8,256,52481
759,Acer,2 in 1 Convertible,11.6,1,0,1366,1.6,4,0,20193
760,Lenovo,Ultrabook,14,0,0,1920,2.5,8,256,79867
761,HP,Gaming,17.3,0,0,1920,2.3,8,128,74539
762,HP,Notebook,15.6,0,0,1920,2.7,8,0,39694
763,Lenovo,Ultrabook,14,0,0,1920,2.5,8,256,95851
764,Lenovo,2 in 1 Convertible,14,1,0,1920,2.7,16,512,93187
765,Asus,Gaming,15.6,0,0,1920,2.8,8,128,71342
766,Lenovo,Notebook,15.6,0,0,1920,2.5,4,0,32448
767,Dell,Notebook,13.3,0,0,1366,2,4,0,45235
768,Lenovo,Notebook,15.6,0,0,1366,2.5,4,0,56210
769,Dell,Ultrabook,14,1,0,2560,2.6,8,256,104588
770,Toshiba,Notebook,15.6,0,0,1920,2.5,8,256,67026
771,Asus,Notebook,17.3,0,0,1600,1.6,4,0,28238
772,Dell,Gaming,17.3,0,0,3840,2.8,32,1024,194973
773,Vero,Notebook,14,0,0,1920,1.1,4,0,10811
774,Asus,Notebook,15.6,0,0,3840,2.7,8,256,69211
775,MSI,Gaming,17.3,0,0,3840,2.6,16,512,141139
776,Lenovo,Notebook,15.6,0,0,1920,2,4,0,25521
777,Dell,Gaming,17.3,0,0,1920,2.6,32,256,149184
778,Lenovo,Notebook,15.6,0,0,1366,2,4,0,23976
779,HP,Notebook,14,0,0,1366,2.6,8,256,59887
780,HP,Gaming,17.3,0,0,1920,2.8,12,0,93187
781,Acer,Notebook,15.6,0,0,1366,2.5,4,0,32980
782,Acer,Notebook,15.6,0,0,1366,2,4,128,21951
783,Toshiba,Notebook,14,0,0,1920,2.3,8,256,62870
784,Toshiba,Notebook,15.6,0,0,1920,2.7,8,256,73953
785,Mediacom,Notebook,13.3,0,0,1920,1.1,4,32,19660
786,Lenovo,2 in 1 Convertible,13.3,1,0,1920,2.7,8,512,104962
787,MSI,Gaming,17.3,0,0,1920,2.8,8,128,71847
788,Toshiba,Notebook,15.6,0,0,1366,2.3,8,256,59620
789,Lenovo,Notebook,14,0,0,1920,2.3,8,256,78055
790,Asus,Ultrabook,13.3,0,0,1920,2.3,8,512,54665
791,Dell,Notebook,15.6,0,0,1920,2.5,8,256,42358
792,Acer,Notebook,13.3,0,0,1366,2.3,4,128,34898
793,Lenovo,Notebook,13.3,0,0,1920,2.4,4,180,39161
794,Microsoft,Ultrabook,13.5,1,0,2256,2.8,8,256,99519
795,HP,2 in 1 Convertible,13.3,1,0,1920,2.5,8,256,121319
796,Lenovo,2 in 1 Convertible,15.6,1,0,1920,2.5,8,256,51096
797,Asus,Gaming,17.3,0,0,1920,2.8,16,256,109219
798,Asus,Gaming,15.6,0,0,1920,2.5,8,128,87859
799,Asus,Ultrabook,14,0,0,1920,2.7,16,512,101232
800,MSI,Gaming,17.3,0,0,1920,2.8,16,512,128671
801,Lenovo,2 in 1 Convertible,11.3,1,0,1920,1.2,8,256,69211
802,Toshiba,Notebook,13.3,0,0,1920,2.5,8,256,78588
803,Asus,Notebook,17.3,0,0,1366,1.1,4,0,25060
804,Apple,Ultrabook,12,0,1,2304,1.2,8,0,62071
805,Lenovo,Notebook,15.6,0,0,1920,2.5,8,128,43580
806,Lenovo,Notebook,15.6,0,0,1366,2.5,4,0,26102
807,HP,Ultrabook,14,0,0,1920,2.5,8,512,78215
808,Lenovo,Gaming,15.6,0,0,1920,2.1,16,512,53227
809,Samsung,Ultrabook,15,0,0,1920,2.7,16,256,98515
810,Acer,2 in 1 Convertible,13.3,1,0,1920,1.6,1,256,53227
811,HP,Notebook,15.6,0,0,1920,2.7,8,128,52161
812,Asus,2 in 1 Convertible,12.5,1,0,1920,0.9,4,0,35644
813,Samsung,Ultrabook,13.3,0,0,1920,2.5,8,256,79867
814,Dell,Gaming,15.6,0,0,1920,2.8,16,256,78801
815,HP,Notebook,15.6,0,0,1366,1.6,4,128,15931
816,Dell,Gaming,15.6,0,0,1920,2.8,8,0,49497
817,HP,Notebook,15.6,0,0,1920,2,4,128,26587
818,Dell,2 in 1 Convertible,13.3,1,0,1920,2.4,4,0,34579
819,Dell,Gaming,15.6,1,0,3840,2.6,16,128,58555
820,LG,Ultrabook,15.6,1,0,1920,2.7,16,512,111835
821,Lenovo,Notebook,14,0,0,1366,2.3,4,0,53387
822,MSI,Gaming,15.6,0,0,1920,2.8,16,256,111594
823,HP,Notebook,15.6,0,0,1920,2.7,8,0,47952
824,Toshiba,Ultrabook,13.3,1,0,1920,2.5,16,512,100007
825,HP,Netbook,12.5,0,0,1920,2.7,8,512,79014
826,Lenovo,Ultrabook,14,0,0,1920,2.7,8,512,133147
827,Lenovo,Notebook,15.6,0,0,1920,1.6,4,256,44169
828,Dell,Notebook,15.6,0,0,1366,2.5,8,0,31410
829,Acer,Notebook,15.6,0,0,1366,2,4,0,21887
830,Asus,2 in 1 Convertible,15.6,1,0,3840,2.7,16,512,95851
831,Lenovo,Notebook,15.6,0,0,1366,1.1,4,128,14419
832,Samsung,Ultrabook,13.3,1,0,1920,2.7,8,256,85195
833,MSI,Gaming,15.6,0,0,1920,2.5,8,256,63883
834,Dell,Notebook,15.6,0,0,1366,2,4,0,32714
835,Dell,Notebook,15.6,0,0,1920,2.7,8,128,64309
836,Asus,Gaming,15.6,0,0,1920,2.8,16,128,101179
837,Dell,Notebook,15.6,0,0,1920,2.7,8,0,51202
838,Lenovo,Notebook,15.6,0,0,1920,2.3,8,256,71875
839,Asus,Gaming,17.3,0,0,1920,2.8,16,256,93187
840,Lenovo,Notebook,15.6,0,0,1920,2,4,0,30849
841,Lenovo,Ultrabook,14,0,0,1920,2.5,8,0,99900
842,Dell,Notebook,15.6,0,0,1920,2.5,8,256,42081
843,Acer,Notebook,15.6,0,0,1366,1.1,4,0,15877
844,Acer,Notebook,15.6,0,0,1920,1.5,4,0,19128
845,Asus,Notebook,13.3,0,0,3200,2.5,8,256,61272
846,Dell,2 in 1 Convertible,15.6,1,0,1920,2.7,12,512,69211
847,HP,Ultrabook,13.3,1,0,1920,2.7,8,256,71875
848,HP,Notebook,15.6,0,0,1920,3,4,0,26054
849,Lenovo,Notebook,15.6,0,0,1920,2.3,8,128,42038
850,Dell,Ultrabook,12.5,1,0,1920,2.5,8,256,78439
851,Dell,Notebook,15.6,0,0,1366,2,8,256,35431
852,Lenovo,Ultrabook,14,0,0,1920,2.7,8,256,99048
853,Dell,Ultrabook,12.5,0,0,1920,2.8,8,256,90043
854,LG,Ultrabook,14,1,0,1920,2.7,8,512,101179
855,Toshiba,Notebook,13.3,0,0,1920,2.3,4,128,63670
856,Toshiba,Notebook,14,0,0,1366,2.1,4,128,26587
857,Dell,Notebook,15.6,0,0,1920,2.6,8,0,49817
858,Acer,Notebook,15.6,0,0,1366,1.1,4,0,20246
859,Lenovo,Notebook,15.6,0,0,1920,2.7,8,0,36497
860,Acer,Gaming,17.3,0,0,1920,2.6,16,128,103097
861,Dell,Notebook,14,0,0,1920,2.8,8,256,64202
862,Lenovo,Workstation,15.6,0,0,1920,2.5,16,512,98834
863,Asus,2 in 1 Convertible,13.3,1,0,1920,2.5,8,256,72354
864,Asus,Notebook,15.6,0,0,1366,1.1,4,0,21258
865,Lenovo,Notebook,15.6,0,0,1920,3.6,6,256,29251
866,Asus,Gaming,15.6,0,0,1920,2.8,16,256,95851
867,Dell,Notebook,17.3,0,0,1600,2,4,0,35112
868,Dell,2 in 1 Convertible,13.3,1,0,3200,1.3,8,512,107258
869,Dell,Notebook,14,0,0,1366,2,4,0,31169
870,HP,Ultrabook,12.5,1,0,3840,1.2,8,240,165168
871,Lenovo,2 in 1 Convertible,14,1,0,2560,2.5,8,256,124142
872,HP,Ultrabook,14,0,0,1920,2.7,8,512,111302
873,Fujitsu,Notebook,15.6,0,0,1366,2.3,4,256,34579
874,Lenovo,Notebook,14,0,0,1920,2.3,8,256,63456
875,Lenovo,Notebook,15.6,0,0,1920,2.7,6,256,42038
876,Toshiba,Notebook,14,0,0,1366,2.3,4,0,48751
877,Toshiba,Ultrabook,14,0,0,1920,2.6,8,256,91908
878,Razer,Ultrabook,12.5,1,0,3840,2.5,16,512,95851
879,Xiaomi,Ultrabook,13.3,0,0,1920,2.3,8,256,49817
880,Dell,Notebook,15.6,0,0,1366,2.5,12,0,34579
881,Acer,Gaming,15.6,0,0,1920,2.8,8,128,67133
882,Asus,Notebook,14,0,0,1366,1.1,4,0,15931
883,Dell,Notebook,15.6,0,0,1366,2.5,4,0,31915
884,Dell,Notebook,15.6,0,0,1920,2.4,8,256,56634
885,Acer,Notebook,14,0,0,1366,1.6,4,0,18595
886,HP,Notebook,13.3,0,0,1920,2.5,8,256,63350
887,HP,Notebook,17.3,0,0,1920,2.5,6,0,34899
888,Dell,Notebook,15.6,0,0,1366,2.4,4,128,29144
889,HP,Netbook,11.6,0,0,1366,1.6,4,0,20513
890,HP,Notebook,14,0,0,1920,2.5,8,256,53840
891,HP,Notebook,15.6,0,0,1920,2.7,8,256,54292
892,HP,Workstation,15.6,0,0,1920,2.7,8,8,119827
893,Asus,Gaming,17.3,0,0,1920,2.7,32,256,68145
894,Lenovo,2 in 1 Convertible,15.6,1,0,1920,2.5,4,256,45128
895,Dell,Notebook,15.6,0,0,1920,2.5,4,128,48618
896,HP,Notebook,15.6,0,0,1920,3,6,128,34632
897,Acer,Notebook,15.6,0,0,1920,2.4,4,0,26587
898,HP,Notebook,15.6,0,0,1920,2.5,8,0,42944
899,Vero,Notebook,14,0,0,1366,1.4,2,0,11231
900,Dell,Notebook,15.6,0,0,1366,2.5,8,128,43157
901,Dell,Gaming,17.3,0,0,1920,2.8,16,128,133467
902,HP,Notebook,14,0,0,1366,2.5,4,0,41505
903,Dell,Gaming,15.6,0,0,1920,2.5,8,0,43636
904,Dell,Ultrabook,14,0,0,1920,2.8,8,256,94572
905,Dell,2 in 1 Convertible,13.3,1,0,1920,1.3,16,256,87859
906,Lenovo,Notebook,13.3,0,0,1920,2.5,4,128,46940
907,Lenovo,Notebook,15.6,0,0,1920,2.9,4,256,21259
908,HP,Notebook,15.6,0,0,1920,2.5,4,256,44702
909,Toshiba,Notebook,15.6,0,0,1920,2.5,16,256,75924
910,Lenovo,Gaming,15.6,0,0,1920,2.8,8,128,66547
911,Acer,Notebook,15.6,0,0,1366,2.5,4,0,29784
912,Toshiba,Notebook,13.3,0,0,1920,2.3,4,128,63670
913,HP,Notebook,13.3,0,0,1920,2.5,8,256,51149
914,Toshiba,Notebook,13.3,0,0,1920,2.3,8,256,77789
915,Lenovo,Notebook,15.6,0,0,1920,2.3,8,256,55923
916,Lenovo,Gaming,15.6,0,0,1920,2.8,8,128,63350
917,Dell,Notebook,15.6,0,0,1920,2.7,16,0,62938
918,HP,Notebook,14,0,0,1920,2.3,4,0,53280
919,HP,2 in 1 Convertible,13.3,1,0,1920,2.5,4,256,90576
920,Lenovo,Notebook,13.3,0,0,1920,2.5,8,256,51149
921,Dell,Notebook,17.3,0,0,1920,2.7,8,0,46087
922,HP,Notebook,14,0,0,1366,2.4,4,256,58607
923,Lenovo,Ultrabook,14,0,0,1920,2.7,8,0,109171
924,Lenovo,Notebook,15.6,0,0,1366,3.6,8,0,22857
925,HP,Notebook,15.6,0,0,1920,2.4,8,256,112066
926,Dell,Notebook,14,0,0,1920,2.8,8,256,58022
927,Dell,Notebook,15.6,0,0,1366,2.7,8,0,39907
928,Asus,Notebook,15.6,0,0,1366,1.1,8,0,21259
929,MSI,Gaming,17.3,0,0,1920,2.8,16,256,85195
930,Lenovo,2 in 1 Convertible,13.9,1,0,1920,2.7,8,256,71875
931,Dell,Notebook,14,0,0,1920,2.5,8,128,59620
932,HP,Notebook,14,0,0,1920,2.5,4,256,64202
933,Asus,2 in 1 Convertible,12.5,0,0,1920,1.2,8,0,61752
934,Lenovo,Ultrabook,14,0,0,1920,2.8,8,256,101392
935,HP,Notebook,14,0,0,1920,2.3,8,256,78268
936,HP,2 in 1 Convertible,15.6,1,0,1366,2.5,4,0,36486
937,Samsung,2 in 1 Convertible,15,1,0,1920,2.7,16,256,95851
938,Lenovo,Notebook,15.6,0,0,1920,2.5,8,512,104588
939,HP,Ultrabook,14,0,0,1920,2.6,8,256,77203
940,Dell,Gaming,15.6,0,0,1920,2.8,16,128,71875
941,Dell,Notebook,15.6,0,0,1920,2,8,256,39374
942,Lenovo,Notebook,15.6,0,0,1920,2.5,4,0,33111
943,MSI,Gaming,17.3,0,0,1920,2.7,16,256,82352
944,Dell,Notebook,14,0,0,1366,2.3,4,0,40226
945,Lenovo,Ultrabook,14,0,0,1920,2.6,8,256,79333
946,Asus,Notebook,15.6,0,0,1920,2.5,8,0,48305
947,Lenovo,Notebook,15.6,0,0,1920,2.7,4,0,41505
948,Lenovo,Notebook,15.6,0,0,1366,2,4,0,26102
949,Toshiba,Notebook,14,0,0,1366,2.3,4,128,54346
950,HP,Workstation,15.6,0,0,1920,2.8,16,256,128884
951,Asus,Notebook,15.6,0,0,1920,2.7,8,256,41931
952,HP,Notebook,14,0,0,1920,2.5,8,256,55905
953,Asus,Notebook,14.1,0,0,1366,1.1,4,0,18541
954,Dell,2 in 1 Convertible,13.3,1,0,1920,1.6,8,0,35112
955,Lenovo,Gaming,17.3,0,0,1920,2.6,16,128,122011
956,HP,Workstation,15.6,0,0,1920,2.8,8,256,110018
957,Dell,Notebook,15.6,0,0,1920,2.5,8,0,38681
958,HP,Netbook,12.5,0,0,1920,1.2,8,512,101658
959,Dell,Gaming,17.3,0,0,3840,2.8,16,512,168045
960,MSI,Gaming,15.6,0,0,1920,2.5,8,128,59669
961,Asus,Netbook,11.6,0,0,1366,1.6,4,0,15339
962,Lenovo,Notebook,15.6,0,0,1920,2.5,8,0,35644
963,HP,Notebook,14,0,0,1366,2.4,4,0,36444
964,Dell,2 in 1 Convertible,15.6,1,0,1920,2.3,4,0,42410
965,Asus,Notebook,14,0,0,1920,1.1,4,0,15877
966,Lenovo,Notebook,14,0,0,2560,2.6,16,256,139594
967,Asus,Gaming,17.3,0,0,1920,2.7,64,1024,211788
968,Toshiba,Ultrabook,13.3,0,0,1920,2.3,8,256,84715
969,Dell,2 in 1 Convertible,13.3,1,0,1920,1.2,8,256,101179
970,Dell,2 in 1 Convertible,13.3,1,0,1920,2.5,8,256,42518
971,Dell,Gaming,15.6,0,0,1920,2.5,8,0,50563
972,Dell,Notebook,15.6,0,0,1366,1.6,4,0,19660
973,Dell,Notebook,15.6,0,0,1366,2.5,4,0,36496
974,Dell,Gaming,15.6,0,0,3840,2.6,16,256,70809
975,Dell,Notebook,15.6,0,0,1920,2.6,16,512,76012
976,HP,Ultrabook,12.5,0,0,1920,2.3,4,0,84129
977,Apple,Ultrabook,12,0,1,2304,1.1,8,0,69264
978,HP,Notebook,15.6,0,0,1920,2.7,8,0,52161
979,Lenovo,Notebook,14,0,0,1920,2.6,8,256,87912
980,HP,Ultrabook,15.6,0,0,1920,2.5,8,256,69104
981,HP,Notebook,15.6,0,0,1366,1.6,4,0,15393
982,Dell,2 in 1 Convertible,15.6,1,0,1920,2.7,8,256,58288
983,Dell,Notebook,15.6,0,0,1366,2.3,4,0,25680
984,HP,Ultrabook,12.5,0,0,1920,2.5,4,0,81998
985,Dell,Gaming,15.6,0,0,1920,2.8,16,256,147832
986,HP,Notebook,15.6,0,0,1366,2.3,4,0,63883
987,HP,Notebook,13.3,0,0,1920,2.5,8,256,61219
988,Lenovo,2 in 1 Convertible,13.3,1,0,1920,2.5,8,512,97236
989,HP,Ultrabook,12.5,0,0,1920,2.3,8,256,63883
990,HP,Notebook,15.6,0,0,1366,2.5,4,256,52161
991,Asus,Gaming,17.3,0,0,1920,2.8,16,256,128884
992,HP,Notebook,13.3,0,0,1920,2.7,8,256,58075
993,Lenovo,Ultrabook,12.5,1,0,1920,2.5,8,256,91295
994,HP,Notebook,14,0,0,1920,2.5,4,256,84715
995,Lenovo,2 in 1 Convertible,13.3,1,0,3200,2.2,16,1024,95851
996,Toshiba,Ultrabook,14,0,0,1366,2.5,4,128,58075
997,Dell,Ultrabook,13.3,1,0,3200,2.7,16,1024,120093
998,Lenovo,Notebook,17.3,0,0,1600,2.3,8,0,35112
999,HP,Ultrabook,14,0,0,1920,2.5,8,256,100551
1000,Toshiba,Notebook,14,0,0,1920,2.3,4,128,58874
1001,HP,Notebook,15.6,0,0,1366,2.3,4,0,37570
1002,Lenovo,Notebook,15.6,0,0,1920,2.3,4,0,52055
1003,Toshiba,Notebook,15.6,0,0,1366,2.4,4,0,35644
1004,HP,Netbook,12.5,0,0,1920,2.3,8,256,88924
1005,HP,Notebook,13.3,0,0,1366,2.4,4,0,42624
1006,MSI,Gaming,17.3,0,0,1920,2.8,16,256,133147
1007,HP,Notebook,15.6,0,0,1366,2.5,4,0,26587
1008,Lenovo,Notebook,14,0,0,1366,1.6,4,0,17316
1009,Asus,Ultrabook,13.3,0,0,1920,0.9,8,512,38841
1010,HP,Notebook,14,0,0,1920,2.7,8,256,63160
1011,Dell,Notebook,15.6,0,0,1366,2.3,4,0,38889
1012,MSI,Gaming,17.3,0,0,1920,2.6,8,128,80516
1013,Dell,Notebook,15.6,0,0,1366,2.4,6,0,24456
1014,Acer,Netbook,11.6,0,0,1366,1.6,4,0,18914
1015,Acer,Notebook,15.6,0,0,1366,2.2,8,0,23923
1016,Acer,Notebook,15.6,0,0,1920,2.5,4,0,32820
1017,Lenovo,Ultrabook,12.5,0,0,1920,2.7,8,256,87912
1018,Acer,Notebook,15.6,0,0,1366,1.6,4,0,15398
1019,Asus,Notebook,15.6,0,0,1366,2.5,4,0,38379
1020,Lenovo,Notebook,15.6,0,0,1920,2.5,16,0,58555
1021,Lenovo,2 in 1 Convertible,14,1,0,2560,2.3,8,256,87219
1022,Dell,Notebook,15.6,0,0,1366,1.6,2,0,20193
1023,Dell,2 in 1 Convertible,13.3,1,0,1920,2.7,12,256,69211
1024,Lenovo,2 in 1 Convertible,14,1,0,1920,2.5,4,128,33993
1025,Dell,Notebook,15.6,0,0,1366,2,4,0,29762
1026,Lenovo,2 in 1 Convertible,15.6,1,0,1920,2.3,4,256,46194
1027,HP,Notebook,13.3,0,0,1920,2.3,8,256,90043
1028,Acer,Notebook,14,0,0,1920,2.4,8,128,32980
1029,Lenovo,Notebook,15.6,0,0,1366,2.3,4,0,28771
1030,Lenovo,Notebook,15.6,0,0,1920,2.6,8,0,47899
1031,Lenovo,2 in 1 Convertible,13.3,1,0,3200,2.5,16,512,79867
1032,HP,Workstation,17.3,0,0,1920,2.6,8,256,210424
1033,Asus,Notebook,15.6,0,0,1920,2.5,8,0,31435
1034,Toshiba,Notebook,13.3,0,0,1366,2.3,8,256,64469
1035,HP,Notebook,14,0,0,1920,2.3,8,256,80613
1036,HP,Notebook,15.6,0,0,1920,2.5,4,0,21205
1037,Dell,Notebook,15.6,0,0,1920,2.4,8,0,55754
1038,MSI,Gaming,15.6,0,0,1920,2.6,16,256,96916
1039,Lenovo,Notebook,14,0,0,1366,1.6,2,0,12201
1040,HP,Notebook,15.6,0,0,1920,2.9,6,0,29303
1041,HP,Notebook,15.6,0,0,1920,2.3,4,0,50083
1042,Razer,Gaming,17.3,1,0,3840,2.9,32,512,292987
1043,Dell,Notebook,15.6,0,0,1366,2.3,4,0,27899
1044,Dell,Notebook,15.6,0,0,1366,2.5,8,0,41772
1045,HP,Ultrabook,12.5,0,0,1366,2.5,4,256,83064
1046,HP,Notebook,15.6,0,0,1366,2.4,4,256,41025
1047,HP,Notebook,15.6,0,0,1366,2.5,6,0,40706
1048,Dell,Notebook,15.6,0,0,1366,2.7,8,0,42943
1049,Lenovo,Ultrabook,12.5,1,0,2560,1.2,8,512,74539
1050,Asus,Notebook,15.6,0,0,1366,2.4,4,0,23177
1051,HP,Notebook,14,0,0,1366,2.5,4,0,63350
1052,MSI,Gaming,17.3,0,0,1920,2.7,16,256,127819
1053,Asus,Notebook,15.6,0,0,1366,1.6,4,0,19660
1054,Asus,Gaming,17.3,0,0,1920,2.6,16,0,53173
1055,Lenovo,Gaming,17.3,0,0,1920,2.7,32,512,172627
1056,HP,Netbook,11.6,0,0,1366,1.6,2,0,11136
1057,Lenovo,2 in 1 Convertible,14,1,0,1920,2.5,8,256,88924
1058,HP,Notebook,15.6,0,0,1920,2.3,8,256,62071
1059,HP,Notebook,14,0,0,1366,2.5,4,0,56477
1060,Lenovo,2 in 1 Convertible,10.1,1,0,1920,1.4,4,0,25521
1061,HP,Ultrabook,15.6,0,0,1920,2.5,8,256,115709
1062,Lenovo,2 in 1 Convertible,10.1,1,0,1920,1.4,4,0,34433
1063,HP,Ultrabook,13.3,0,0,3840,2.7,16,512,109171
1064,HP,Ultrabook,12.5,0,0,1366,2.4,8,256,100966
1065,Asus,Notebook,15.6,0,0,1366,2.5,4,0,38379
1066,Dell,Notebook,15.6,0,0,1920,2.5,4,0,29784
1067,Dell,Notebook,15.6,0,0,1920,2.5,8,256,39960
1068,Lenovo,Gaming,15.6,0,0,1920,2.5,8,128,52694
1069,Lenovo,2 in 1 Convertible,14,1,0,2560,2.6,16,512,130003
1070,HP,Notebook,14,0,0,1920,2.3,4,0,54931
1071,Dell,Notebook,15.6,0,0,1366,2.5,4,0,37725
1072,HP,Gaming,17.3,0,0,1920,2.3,8,128,60153
1073,Lenovo,2 in 1 Convertible,14,1,0,1920,2.5,4,128,33993
1074,HP,Workstation,15.6,0,0,1920,2.5,8,256,79654
1075,Lenovo,Notebook,17.3,0,0,3840,2.7,16,512,158135
1076,Dell,Ultrabook,13.3,1,0,3200,2.5,8,256,86527
1077,MSI,Gaming,15.6,0,0,1920,2.8,8,128,60888
1078,HP,Notebook,15.6,0,0,1366,2.7,8,0,33513
1079,Lenovo,Notebook,14,0,0,1920,2.3,8,180,63883
1080,Lenovo,Ultrabook,14,0,0,2560,2.6,16,512,111835
1081,Lenovo,2 in 1 Convertible,14,1,0,1920,2.6,8,512,109244
1082,Lenovo,2 in 1 Convertible,13.3,1,0,3200,2.5,16,512,79867
1083,HP,Notebook,17.3,0,0,1920,2.5,8,256,57542
1084,Dell,Notebook,15.6,0,0,1920,2.7,16,0,52747
1085,Asus,Notebook,14,0,0,1366,1.1,4,0,14812
1086,HP,2 in 1 Convertible,13.3,1,0,1920,2.4,8,256,86793
1087,HP,Notebook,14,0,0,1366,2.5,4,256,51841
1088,HP,Ultrabook,15.6,0,0,1920,2.7,8,256,40067
1089,Acer,Notebook,15.6,0,0,1366,3,6,0,21792
1090,HP,Workstation,15.6,0,0,1920,2.6,8,256,118761
1091,MSI,Gaming,17.3,0,0,1920,2.8,8,128,63499
1092,Lenovo,Ultrabook,15.6,0,0,1920,2.7,6,256,44276
1093,Lenovo,Notebook,14,0,0,1366,1.6,2,0,12201
1094,HP,Notebook,14,0,0,1366,2.3,4,0,61219
1095,Dell,Notebook,15.6,0,0,1920,2.7,8,256,47686
1096,HP,Notebook,15.6,0,0,1366,2.5,6,0,40706
1097,Acer,Notebook,15.6,0,0,1366,2,4,0,17742
1098,HP,2 in 1 Convertible,13.3,1,0,2560,2.6,8,256,95851
1099,HP,Notebook,13.3,0,0,3200,1.5,4,0,32767
1100,Toshiba,Notebook,14,0,0,1920,2.3,8,256,79387
1101,HP,Notebook,15.6,0,0,1920,2.6,6,0,42571
1102,HP,Notebook,14,0,0,1920,2.3,8,256,63670
1103,Asus,Notebook,15.6,0,0,1366,1.6,4,0,19660
1104,Asus,Notebook,15.6,0,0,1920,2.5,4,0,27652
1105,Asus,Gaming,15.6,0,0,1920,2.6,8,256,48432
1106,Acer,Notebook,15.6,0,0,1366,2.2,4,0,20619
1107,HP,Workstation,15.6,0,0,1920,2.6,8,256,101179
1108,MSI,Gaming,15.6,0,0,1920,2.6,16,256,102777
1109,Dell,2 in 1 Convertible,15.6,1,0,1920,2.7,16,512,62817
1110,Asus,Ultrabook,13.3,0,0,1920,0.9,8,512,38841
1111,HP,Notebook,14,0,0,1920,2.5,8,256,118761
1112,Acer,Notebook,15.6,0,0,1920,2.5,4,256,36816
1113,Dell,Notebook,15.6,0,0,1366,1.6,4,0,20965
1114,HP,Ultrabook,12.5,0,0,1920,2.5,8,256,122381
1115,Lenovo,Notebook,15.6,0,0,1366,1.1,4,0,16464
1116,Dell,Ultrabook,13.3,1,0,3200,2.4,8,256,58555
1117,Razer,Gaming,14,0,0,1920,2.8,16,1024,186427
1118,Dell,Notebook,15.6,0,0,1366,2.4,6,0,24456
1119,HP,Notebook,15.6,0,0,1920,2.5,8,256,65481
1120,Acer,Gaming,17.3,0,0,1920,2.8,16,256,138475
1121,Dell,Notebook,15.6,0,0,1920,2.7,8,256,53807
1122,Lenovo,Gaming,15.6,0,0,1920,2.5,8,0,43636
1123,Lenovo,Notebook,14,0,0,1920,2.3,8,256,63190
1124,Dell,Notebook,15.6,1,0,1366,2.4,8,0,24989
1125,Acer,Notebook,15.6,0,0,1366,1.6,4,0,15398
1126,Samsung,2 in 1 Convertible,12.3,1,0,2400,2,4,0,35112
1127,MSI,Gaming,17.3,0,0,1920,2.8,16,256,85141
1128,HP,Notebook,15.6,0,0,1366,2.5,4,0,25841
1129,HP,Notebook,15.6,0,0,1920,2.3,8,256,84129
1130,HP,Notebook,15.6,0,0,1366,2,4,0,18434
1131,Apple,Ultrabook,12,0,1,2304,1.1,8,0,61965
1132,Dell,Notebook,15.6,0,0,1366,1.6,2,0,20193
1133,Dell,2 in 1 Convertible,13.3,1,0,1920,2.5,8,256,63883
1134,Asus,Gaming,17.3,0,0,1920,2.8,8,256,85195
1135,Lenovo,2 in 1 Convertible,14,1,0,2560,2.5,8,256,124622
1136,HP,Notebook,15.6,0,0,1920,2.8,12,128,70703
1137,Apple,Ultrabook,11.6,0,0,1366,1.6,4,0,51096
1138,Lenovo,Notebook,15.6,0,0,1366,2,4,0,18062
1139,Dell,Ultrabook,13.3,0,0,1920,1.6,4,256,43602
1140,Lenovo,Notebook,15.6,0,0,1366,2,4,0,19607
1141,HP,Notebook,15.6,0,0,1366,1.8,4,0,15824
1142,Asus,Gaming,17.3,0,0,1920,2.6,16,512,114552
1143,Lenovo,Notebook,15.6,0,0,1920,2.6,8,0,47899
1144,HP,Notebook,15.6,0,0,1920,2,4,0,25468
1145,Acer,Notebook,15.6,0,0,1366,2,4,0,14492
1146,HP,Ultrabook,14,0,0,2560,2.5,8,256,117120
1147,Lenovo,Notebook,15.6,0,0,1920,2.3,8,0,31915
1148,MSI,Gaming,17.3,0,0,1920,2.8,16,256,109165
1149,Dell,Notebook,15.6,0,0,1366,2.3,4,0,39267
1150,HP,Notebook,15.6,0,0,1920,2.9,6,0,29303
1151,Dell,Notebook,15.6,0,0,1366,2,4,128,26587
1152,Dell,Gaming,15.6,0,0,1920,2.8,8,0,63883
1153,Lenovo,Notebook,15.6,0,0,1366,2.5,8,0,33513
1154,MSI,Gaming,15.6,0,0,1920,2.6,8,128,62284
1155,Dell,Notebook,15.6,0,0,1366,2.7,8,0,42943
1156,Dell,Ultrabook,13.3,1,0,3200,2.7,16,512,142790
1157,Lenovo,Notebook,13.3,0,0,1920,2.7,16,512,79867
1158,Asus,Gaming,15.6,0,0,1920,2.6,8,0,62284
1159,Dell,Notebook,15.6,1,0,3840,2.3,8,256,119916
1160,HP,Netbook,12.5,0,0,1366,2.3,4,128,85195
1161,Dell,Notebook,15.6,0,0,1920,2.5,8,256,47366
1162,HP,Netbook,11.6,0,0,1366,1.6,2,0,11136
1163,HP,Notebook,15.6,0,0,1366,2.5,8,256,30849
1164,Asus,Notebook,15.6,0,0,1366,2.5,4,0,38379
1165,Lenovo,Notebook,15.6,0,0,1920,3.6,6,256,31839
1166,Lenovo,Notebook,15.6,0,0,1366,2.2,4,0,15931
1167,Acer,Notebook,15.6,0,0,1920,2.5,8,256,42571
1168,Asus,Ultrabook,13.3,0,0,1920,2.5,8,256,68198
1169,Acer,Notebook,17.3,0,0,1600,2,8,0,33513
1170,Dell,Notebook,15.6,0,0,1920,2.5,8,0,34035
1171,Asus,Gaming,15.6,0,0,1920,2.8,16,256,130483
1172,HP,Notebook,15.6,0,0,1920,2.5,4,256,25515
1173,Apple,Ultrabook,12,0,1,2304,1.2,8,0,68145
1174,MSI,Gaming,17.3,0,0,1920,2.8,16,256,79536
1175,Acer,Notebook,15.6,0,0,1366,2,4,0,19277
1176,Asus,Notebook,15.6,0,0,1920,2.8,16,128,93187
1177,Dell,2 in 1 Convertible,17.3,1,0,1920,2.7,16,512,95851
1178,Lenovo,Ultrabook,14,0,0,1920,2.6,12,512,122491
1179,MSI,Gaming,17.3,0,0,1920,2.6,16,256,103842
1180,Lenovo,Notebook,15.6,0,0,1920,2.3,8,0,42011
1181,Dell,2 in 1 Convertible,15.6,1,0,1920,2.5,8,256,53227
1182,HP,Notebook,14,0,0,1920,2.3,4,256,58607
1183,Lenovo,2 in 1 Convertible,14,1,0,1920,2.5,4,128,33993
1184,Dell,Notebook,14,0,0,1366,2.5,4,0,46620
1185,HP,2 in 1 Convertible,13.3,1,0,2560,2.6,8,512,108744
1186,MSI,Gaming,17.3,0,0,1920,2.6,8,256,85195
1187,Asus,Gaming,15.6,0,0,1920,2.6,16,256,123876
1188,Asus,Gaming,17.3,0,0,1920,2.8,16,256,103843
1189,Dell,Ultrabook,13.3,0,0,1920,2.7,8,256,77682
1190,HP,Notebook,15.6,0,0,1366,1.6,4,0,26640
1191,Acer,Netbook,11.6,0,0,1366,1.5,2,32,9271
1192,Lenovo,Ultrabook,14,0,0,1920,2.6,8,256,79867
1193,Lenovo,Notebook,15.6,0,0,1920,2.5,8,256,30529
1194,Acer,Notebook,17.3,0,0,1600,2,4,0,31861
1195,Lenovo,2 in 1 Convertible,13.3,1,0,3200,2.5,16,512,79867
1196,Lenovo,Notebook,17.3,0,0,1600,2.5,8,0,28718
1197,Dell,2 in 1 Convertible,13.3,1,0,3200,1.2,8,256,96597
1198,MSI,Gaming,14,0,0,1920,2.6,16,256,94252
1199,Lenovo,Gaming,15.6,0,0,1920,2.6,8,128,67772
1200,Asus,Gaming,17.3,0,0,1920,2.6,16,128,122491
1201,Lenovo,Notebook,14,0,0,1366,1.6,2,0,12201
1202,Acer,2 in 1 Convertible,14,1,0,1920,1.3,8,256,61219
1203,Dell,Notebook,15.6,0,0,1366,1.6,4,0,17263
1204,Asus,Gaming,15.6,0,0,1920,2.6,16,128,71342
1205,HP,Notebook,15.6,0,0,1366,2.5,4,0,21259
1206,HP,Gaming,15.6,0,0,1920,2.8,8,0,47899
1207,Lenovo,Notebook,15.6,0,0,1920,2.6,8,256,81465
1208,Lenovo,Notebook,15.6,0,0,1920,2.3,6,128,30316
1209,Lenovo,Notebook,14,0,0,1920,2.3,8,256,57116
1210,MSI,Gaming,15.6,0,0,1920,2.6,8,128,78647
1211,HP,Notebook,15.6,0,0,1920,2.7,6,0,28185
1212,Dell,Ultrabook,12.5,0,0,1366,2.3,4,0,60481
1213,HP,Notebook,15.6,0,0,1366,2.5,6,0,40706
1214,Dell,Ultrabook,12.5,1,0,1920,2.4,8,256,91288
1215,HP,Ultrabook,12.5,0,0,1920,2.5,8,256,71875
1216,Lenovo,Notebook,15.6,0,0,1366,2,8,0,24456
1217,Dell,2 in 1 Convertible,15,1,0,1920,2.4,4,0,27120
1218,Dell,Notebook,15.6,0,0,1366,1.6,4,0,23656
1219,HP,Notebook,13.3,1,0,3200,1.1,8,256,90523
1220,Dell,Ultrabook,12.5,0,0,1366,2.3,4,128,62176
1221,Asus,Notebook,15.6,0,0,1366,1.6,4,0,16464
1222,Asus,Notebook,15.6,0,0,1366,1.6,4,0,19660
1223,Dell,Ultrabook,13.3,1,0,3200,2.7,8,256,78695
1224,HP,Notebook,15.6,0,0,1366,2.5,4,0,39534
1225,HP,Notebook,15.6,0,0,1366,2.3,4,0,25414
1226,Asus,Notebook,15.6,0,0,1366,1.1,4,0,18062
1227,Dell,Notebook,15.6,0,0,1366,2.3,4,0,40980
1228,Acer,Notebook,15.6,0,0,1366,1.5,4,16,11136
1229,Dell,Notebook,15.6,0,0,1366,2.5,4,0,27805
1230,Asus,Gaming,17.3,0,0,1920,2.6,16,128,101232
1231,Lenovo,Gaming,15.6,1,0,1920,2.6,16,128,54825
1232,Dell,Notebook,15.6,0,0,1366,2,4,0,26107
1233,MSI,Gaming,15.6,0,0,1920,2.8,8,128,61219
1234,HP,Workstation,17.3,0,0,1920,2.6,8,0,154459
1235,Asus,Ultrabook,13.3,0,0,1920,0.9,8,512,38841
1236,Lenovo,Netbook,12.5,1,0,1920,2.5,16,512,87912
1237,Dell,Gaming,15.6,0,0,3840,2.8,8,128,79813
1238,Lenovo,Notebook,15.6,0,0,1920,2.5,8,0,47686
1239,Lenovo,Notebook,15.6,0,0,1366,2,4,128,22857
1240,Lenovo,Gaming,15.6,0,0,1920,2.8,16,512,63883
1241,Lenovo,Notebook,15.6,0,0,1920,2.5,8,256,74059
1242,Lenovo,Notebook,15.6,0,0,1920,2,4,0,24935
1243,Dell,Notebook,15.6,0,0,1366,2.4,6,0,24456
1244,MSI,Gaming,15.6,0,0,1920,2.6,8,128,65481
1245,Dell,Ultrabook,12.5,0,0,1366,2.3,8,256,75290
1246,Lenovo,2 in 1 Convertible,14,1,0,1920,2.3,4,128,44383
1247,HP,Notebook,14,0,0,1366,1.6,2,0,13267
1248,HP,Ultrabook,13.3,0,0,1920,2.5,8,512,104908
1249,MSI,Gaming,15.6,0,0,1920,2.7,8,0,44702
1250,Lenovo,2 in 1 Convertible,10.1,1,0,1920,1.4,4,0,29251
1251,HP,Notebook,15.6,0,0,1920,2.5,8,256,36177
1252,Acer,Notebook,15.6,0,0,1366,1.6,4,0,15398
1253,HP,Notebook,15.6,0,0,1920,1.8,16,512,61752
1254,Dell,Notebook,15.6,0,0,1366,1.6,2,0,20193
1255,Asus,Notebook,15.6,0,0,1366,1.6,4,0,19660
1256,Dell,Ultrabook,13.3,0,0,1920,2.4,8,256,73473
1257,Lenovo,Notebook,15.6,0,0,1920,2.6,8,0,47899
1258,Lenovo,Gaming,17.3,0,0,1920,2.7,16,256,146519
1259,HP,Notebook,15.6,0,0,1920,2.9,6,0,29303
1260,Lenovo,Notebook,15.6,0,0,1366,2.3,4,0,21205
1261,Razer,Ultrabook,12.5,1,0,3840,2.5,8,256,54825
1262,Dell,Notebook,15.6,0,0,1366,2.7,8,0,42943
1263,Lenovo,Notebook,15.6,0,0,1920,2.7,8,0,37776
1264,Toshiba,Ultrabook,13.3,0,0,1920,2.7,16,512,118601
1265,HP,Netbook,11.6,0,0,1366,1.6,2,0,11136
1266,Asus,Notebook,14,0,0,1920,2.4,4,256,40972
1267,Lenovo,Notebook,15.6,0,0,1920,2.5,4,0,43956
1268,Lenovo,Gaming,15.6,0,0,1920,2.6,16,512,69530
1269,Asus,Gaming,17.3,0,0,1920,2.6,8,128,69929
1270,MSI,Gaming,15.6,0,0,1920,2.6,16,128,114732
1271,Vero,Notebook,13.3,0,0,1920,1.4,4,0,10443
1272,HP,Notebook,15.6,0,0,1366,2.3,4,0,34632
